sub,trial,certain_reward,risky_gain,risky_loss,choice,choice_rt,outcome,happiness_raw,happiness_z,spinner_rt,spinner_rad,spinner_deg,happiness_fill_raw,happiness_fill_z,total_score
1,1,0,40,-40,1,7.3,40,74,1.9937817239893405,6.58,5.108,292.666841752824,74,1.9937817239893405,40
1,2,35,70,0,0,4.998,35,NA,NA,NA,NA,NA,74,1.9937817239893405,75
1,3,-30,0,-65,0,2.447,-30,50,0.04068942293855797,NA,NA,NA,50,0.04068942293855797,45
1,4,0,40,-54,1,3.799,40,NA,NA,6.58,5.485,314.267350629257,50,0.04068942293855797,85
1,5,-55,0,-124,1,4.399,-124,NA,NA,6.579,2.595,148.682547836449,50,0.04068942293855797,-39
1,6,55,90,0,0,3.322,55,50,0.04068942293855797,NA,NA,NA,50,0.04068942293855797,16
1,7,-30,0,-65,1,7.001,-65,NA,NA,6.579,1.338,76.6617529885041,50,0.04068942293855797,-49
1,8,-45,0,-90,0,2.425,-45,NA,NA,NA,NA,NA,50,0.04068942293855797,-94
1,9,0,40,-8,1,2.324,-8,39,-0.8544778817097174,6.579,1.464,83.8810212071525,39,-0.8544778817097174,-102
1,10,-55,0,-110,1,5.125,0,NA,NA,6.579,4.443,254.565148376625,39,-0.8544778817097174,-102
1,11,-35,0,-140,0,2.023,-35,56,0.5289624982012536,NA,NA,NA,56,0.5289624982012536,-137
1,12,45,82,0,0,6.476,45,NA,NA,NA,NA,NA,56,0.5289624982012536,-92
1,13,30,62,0,1,1.821,0,NA,NA,6.579,0.081,4.64095814055967,56,0.5289624982012536,-92
1,14,30,81,0,1,2.021,0,53,0.2848259605699058,6.579,2.218,127.082038960017,53,0.2848259605699058,-92
1,15,0,75,-75,1,3.3,-75,NA,NA,6.579,2.092,119.862770741368,53,0.2848259605699058,-167
1,16,-45,0,-77,1,2.449,-77,NA,NA,6.578,0.207,11.860226359208,53,0.2848259605699058,-244
1,17,0,75,-150,0,2.974,0,25,-1.9937817239893405,NA,NA,NA,25,-1.9937817239893405,-244
1,18,-45,0,-122,1,2.45,-122,NA,NA,6.579,0.673,38.5600596123044,25,-1.9937817239893405,-366
1,19,-45,0,-108,1,5.749,0,NA,NA,6.579,5.448,312.147406787273,25,-1.9937817239893405,-366
1,20,35,64,0,1,4.298,0,42,-0.6103413440783696,6.579,0.17,9.740282517224,42,-0.6103413440783696,-366
1,21,30,53,0,0,2.399,30,NA,NA,NA,NA,NA,42,-0.6103413440783696,-336
1,22,45,144,0,0,1.221,45,50,0.04068942293855797,NA,NA,NA,50,0.04068942293855797,-291
1,23,35,64,0,0,1.149,35,NA,NA,NA,NA,NA,50,0.04068942293855797,-256
1,24,0,40,-44,1,1.945,40,NA,NA,6.578,3.851,220.64604690488,50,0.04068942293855797,-216
1,25,0,75,-67,1,4.573,-67,63,1.0986144193410652,6.579,0.081,4.64095814055967,63,1.0986144193410652,-283
1,26,-55,0,-149,0,3.451,-55,NA,NA,NA,NA,NA,63,1.0986144193410652,-338
1,27,30,120,0,1,1.573,0,NA,NA,6.578,0.584,33.4607352356401,63,1.0986144193410652,-338
1,28,-35,0,-57,0,3.199,-35,50,0.04068942293855797,NA,NA,NA,50,0.04068942293855797,-373
1,29,0,55,-35,0,7.749,0,NA,NA,NA,NA,NA,50,0.04068942293855797,-373
1,30,30,120,0,1,1.349,0,42,-0.6103413440783696,6.578,0.207,11.860226359208,42,-0.6103413440783696,-373
2,1,45,87,0,1,5.034,87,61,0.18047690160664995,4.38,3.6,206.264806247096,61,0.18047690160664995,87
2,2,0,75,-38,1,19.719,-38,NA,NA,4.382,2.181,124.962095118033,61,0.18047690160664995,49
2,3,0,75,-26,0,2.299,0,65,0.3042324912797813,NA,NA,NA,65,0.3042324912797813,49
2,4,35,68,0,1,3.668,68,NA,NA,4.382,4.354,249.46582399996,65,0.3042324912797813,117
2,5,30,55,0,1,3.871,55,NA,NA,4.379,6.239,357.468368382121,65,0.3042324912797813,172
2,6,35,74,0,1,3.2,0,83,0.8611326448088723,4.38,2.092,119.862770741368,83,0.8611326448088723,172
2,7,30,51,0,1,2.869,0,NA,NA,4.381,2.469,141.4632796178,83,0.8611326448088723,172
2,8,0,75,-150,0,5.233,0,NA,NA,NA,NA,NA,83,0.8611326448088723,172
2,9,-45,0,-87,1,5.618,-87,20,-1.0880178925429462,4.384,2.846,163.063788494232,20,-1.0880178925429462,85
2,10,-30,0,-56,1,4.001,-56,NA,NA,4.382,1.929,110.523558680736,20,-1.0880178925429462,29
2,11,35,140,0,1,3.515,140,100,1.3870939009196805,4.382,5.233,299.82881419196,100,1.3870939009196805,169
2,12,-30,0,-64,0,2.73,-30,NA,NA,NA,NA,NA,100,1.3870939009196805,139
2,13,45,98,0,1,3,98,NA,NA,4.382,3.348,191.8262698098,100,1.3870939009196805,237
2,14,-55,0,-117,0,3.366,-55,82,0.8301937473905895,NA,NA,NA,82,0.8301937473905895,182
2,15,0,55,-42,0,4.305,0,NA,NA,NA,NA,NA,82,0.8301937473905895,182
2,16,-45,0,-77,1,2.402,-77,NA,NA,4.386,0.71,40.6800034542884,82,0.8301937473905895,105
2,17,45,82,0,0,2.097,45,69,0.42798808095291263,NA,NA,NA,69,0.42798808095291263,150
2,18,-55,0,-120,0,2.052,-55,NA,NA,NA,NA,NA,69,0.42798808095291263,95
2,19,-45,0,-102,0,4.336,-45,NA,NA,NA,NA,NA,69,0.42798808095291263,50
2,20,0,75,-48,0,2.798,0,17,-1.1808345847977948,NA,NA,NA,17,-1.1808345847977948,50
2,21,-45,0,-102,1,3.034,-102,NA,NA,4.382,0.333,19.0794945778564,17,-1.1808345847977948,-52
2,22,30,58,0,0,2.155,30,57,0.056721311933518606,NA,NA,NA,57,0.056721311933518606,-22
2,23,0,40,-36,1,3.252,40,NA,NA,4.384,6.239,357.468368382121,57,0.056721311933518606,18
2,24,30,56,0,0,2.135,30,NA,NA,NA,NA,NA,57,0.056721311933518606,48
2,25,-45,0,-102,0,4.517,-45,23,-0.9952012002880978,NA,NA,NA,23,-0.9952012002880978,3
2,26,-55,0,-103,0,3.238,-55,NA,NA,NA,NA,NA,23,-0.9952012002880978,-52
2,27,-35,0,-70,0,2.97,-35,NA,NA,NA,NA,NA,23,-0.9952012002880978,-87
2,28,0,40,-14,1,4.017,-14,0,-1.706795840908603,4.382,0.081,4.64095814055967,0,-1.706795840908603,-101
2,29,45,108,0,0,1.437,45,NA,NA,NA,NA,NA,0,-1.706795840908603,-56
2,30,0,40,-31,1,2.117,40,85,0.9230104396454379,4.382,3.348,191.8262698098,85,0.9230104396454379,-16
3,1,0,40,-80,0,10.685,0,41,-0.7836310802303036,NA,NA,NA,41,-0.7836310802303036,0
3,2,0,75,-15,1,18.019,75,NA,NA,4.382,4.443,254.565148376625,41,-0.7836310802303036,75
3,3,-35,0,-140,1,12.518,-140,34,-1.737616743119369,4.383,2.181,124.962095118033,34,-1.737616743119369,-65
3,4,-35,0,-66,1,6.001,-66,NA,NA,4.383,2.181,124.962095118033,34,-1.737616743119369,-131
3,5,55,149,0,1,7.651,0,NA,NA,4.383,0.421,24.1215231750077,34,-1.737616743119369,-131
3,6,0,55,-19,0,3.568,0,39,-1.0561984124843222,NA,NA,NA,39,-1.0561984124843222,-131
3,7,-30,0,-55,1,3.967,-55,NA,NA,4.383,0.798,45.7220320514397,39,-1.0561984124843222,-186
3,8,30,72,0,0,3.968,30,NA,NA,NA,NA,NA,39,-1.0561984124843222,-156
3,9,55,97,0,0,2,55,50,0.4429219149127803,NA,NA,NA,50,0.4429219149127803,-101
3,10,55,110,0,0,3.298,55,NA,NA,NA,NA,NA,50,0.4429219149127803,-46
3,11,-30,0,-56,0,5.384,-30,50,0.4429219149127803,NA,NA,NA,50,0.4429219149127803,-76
3,12,30,72,0,1,4.617,72,NA,NA,4.383,5.951,340.967183882353,50,0.4429219149127803,-4
3,13,-45,0,-85,1,5.917,0,NA,NA,4.384,6.076,348.129156321488,50,0.4429219149127803,-4
3,14,-35,0,-70,1,4.134,-70,45,-0.23849641572226632,4.383,0.044,2.52101429857562,45,-0.23849641572226632,-74
3,15,-45,0,-102,0,2.999,-45,NA,NA,NA,NA,NA,45,-0.23849641572226632,-119
3,16,0,55,-35,0,2.834,0,NA,NA,NA,NA,NA,45,-0.23849641572226632,-119
3,17,-30,0,-56,1,3.785,0,56,1.2606239116748363,4.382,5.825,333.747915663705,56,1.2606239116748363,-119
3,18,55,132,0,1,3.701,0,NA,NA,4.383,0.673,38.5600596123044,56,1.2606239116748363,-119
3,19,55,103,0,1,2.75,0,NA,NA,4.384,0.421,24.1215231750077,56,1.2606239116748363,-119
3,20,55,90,0,1,2.2,0,42,-0.6473474141032943,4.383,2.432,139.343335775816,42,-0.6473474141032943,-119
3,21,55,100,0,1,3.466,100,NA,NA,4.383,5.448,312.147406787273,42,-0.6473474141032943,-19
3,22,0,75,-15,1,3.667,75,60,1.8057585761828736,4.383,6.202,355.348424540137,60,1.8057585761828736,56
3,23,30,120,0,1,2.55,0,NA,NA,4.384,3.06,175.325085310032,60,1.8057585761828736,56
3,24,-35,0,-140,0,2.101,-35,NA,NA,NA,NA,NA,60,1.8057585761828736,21
3,25,0,75,-101,0,3.8,0,50,0.4429219149127803,NA,NA,NA,50,0.4429219149127803,21
3,26,0,75,-83,0,2.817,0,NA,NA,NA,NA,NA,50,0.4429219149127803,21
3,27,55,94,0,1,3.068,94,NA,NA,4.382,5.448,312.147406787273,50,0.4429219149127803,115
3,28,-35,0,-60,1,5.168,-60,44,-0.37478008184927564,4.383,1.175,67.3225409278717,44,-0.37478008184927564,55
3,29,0,75,-58,0,2.283,0,NA,NA,NA,NA,NA,44,-0.37478008184927564,55
3,30,-45,0,-108,0,3.003,-45,50,0.4429219149127803,NA,NA,NA,50,0.4429219149127803,10
4,1,30,120,0,1,3.966,120,68,0.7543880465254091,4.384,4.945,283.327629692192,68,0.7543880465254091,120
4,2,0,75,-150,1,2.767,75,NA,NA,4.383,4.568,261.72712081576,68,0.7543880465254091,195
4,3,0,40,-8,1,1.851,-8,70,0.8875153488534224,4.383,2.218,127.082038960017,70,0.8875153488534224,187
4,4,-35,0,-95,0,6.367,-35,NA,NA,NA,NA,NA,70,0.8875153488534224,152
4,5,0,55,-42,1,5.651,55,NA,NA,4.383,4.982,285.447573534176,70,0.8875153488534224,207
4,6,35,95,0,1,3.133,0,75,1.2203336046734559,4.384,1.427,81.7610773651685,75,1.2203336046734559,207
4,7,55,110,0,1,3.4,0,NA,NA,4.383,2.432,139.343335775816,75,1.2203336046734559,207
4,8,35,74,0,1,3.299,74,NA,NA,4.384,5.197,297.766166129489,75,1.2203336046734559,281
4,9,30,55,0,1,2.334,55,77,1.3534609070014691,4.383,3.223,184.664297370664,77,1.3534609070014691,336
4,10,-35,0,-62,1,5.151,0,NA,NA,4.383,4.102,235.027287562664,77,1.3534609070014691,336
4,11,55,94,0,1,3.35,0,69,0.8209516976894158,4.384,0.584,33.4607352356401,69,0.8209516976894158,336
4,12,30,62,0,1,3.001,0,NA,NA,4.383,2.469,141.4632796178,69,0.8209516976894158,336
4,13,35,72,0,1,7.234,72,NA,NA,4.383,3.977,227.865315123528,69,0.8209516976894158,408
4,14,-35,0,-62,1,12.734,-62,59,0.15531518604934905,4.383,0.458,26.2414670169917,59,0.15531518604934905,346
4,15,-55,0,-149,1,5.349,-149,NA,NA,4.383,2.218,127.082038960017,59,0.15531518604934905,197
4,16,-30,0,-62,0,4.035,-30,NA,NA,NA,NA,NA,59,0.15531518604934905,167
4,17,-35,0,-95,0,4.335,-35,46,-0.7100122790827377,NA,NA,NA,46,-0.7100122790827377,132
4,18,-45,0,-74,0,2.217,-45,NA,NA,NA,NA,NA,46,-0.7100122790827377,87
4,19,0,55,-49,1,1.233,55,NA,NA,4.383,5.61,321.429323068392,46,-0.7100122790827377,142
4,20,0,55,-49,1,2.067,-49,39,-1.1759578372307844,4.384,1.338,76.6617529885041,39,-1.1759578372307844,93
4,21,55,149,0,1,3.284,149,NA,NA,4.383,3.223,184.664297370664,39,-1.1759578372307844,242
4,22,0,55,-110,0,4.317,0,56,-0.04437576744267096,NA,NA,NA,56,-0.04437576744267096,242
4,23,0,40,-14,1,14.05,-14,NA,NA,4.382,1.087,62.2805123307205,56,-0.04437576744267096,228
4,24,35,60,0,1,8.917,60,NA,NA,4.383,4.605,263.847064657744,56,-0.04437576744267096,288
4,25,-30,0,-56,1,5.119,-56,43,-0.9097032325747577,4.382,2.218,127.082038960017,43,-0.9097032325747577,232
4,26,0,40,-44,1,3.285,-44,NA,NA,4.382,1.212,69.4424847698558,43,-0.9097032325747577,188
4,27,-45,0,-90,1,2.55,0,NA,NA,4.383,4.856,278.228305315528,43,-0.9097032325747577,188
4,28,-35,0,-64,1,9.617,-64,43,-0.9097032325747577,4.383,1.087,62.2805123307205,43,-0.9097032325747577,124
4,29,30,81,0,1,2.434,0,NA,NA,4.383,1.338,76.6617529885041,43,-0.9097032325747577,124
4,30,-30,0,-96,1,2.551,-96,35,-1.442212441886811,4.382,2.343,134.244011399152,35,-1.442212441886811,28
5,1,30,51,0,1,7.866,51,73,1.5731768924263927,4.383,4.102,235.027287562664,73,1.5731768924263927,51
5,2,55,132,0,0,10.966,55,NA,NA,NA,NA,NA,73,1.5731768924263927,106
5,3,-45,0,-93,1,2.65,-93,65,0.8959348221441789,4.383,2.092,119.862770741368,65,0.8959348221441789,13
5,4,0,55,-28,1,1.285,55,NA,NA,4.383,3.977,227.865315123528,65,0.8959348221441789,68
5,5,45,77,0,1,1.218,77,NA,NA,4.383,5.359,307.048082410608,65,0.8959348221441789,145
5,6,-30,0,-49,1,1.785,0,73,1.5731768924263927,4.382,4.605,263.847064657744,73,1.5731768924263927,145
5,7,-30,0,-55,1,1.083,0,NA,NA,4.383,3.474,199.045538028448,73,1.5731768924263927,145
5,8,-55,0,-113,1,5.917,-113,NA,NA,4.382,0.333,19.0794945778564,73,1.5731768924263927,32
5,9,45,77,0,1,1.234,77,58,0.3033480106472418,4.383,4.856,278.228305315528,58,0.3033480106472418,109
5,10,0,40,-36,1,1.217,-36,NA,NA,4.382,0.207,11.860226359208,58,0.3033480106472418,73
5,11,0,75,-101,1,0.917,-101,48,-0.5432045772055254,4.383,1.966,112.64350252272,48,-0.5432045772055254,-28
5,12,-30,0,-65,1,0.967,0,NA,NA,4.383,4.856,278.228305315528,48,-0.5432045772055254,-28
5,13,-30,0,-65,1,0.917,0,NA,NA,4.383,3.977,227.865315123528,48,-0.5432045772055254,-28
5,14,45,108,0,1,0.934,108,57,0.21869275186196507,4.382,5.233,299.82881419196,57,0.21869275186196507,80
5,15,-35,0,-84,1,1.001,-84,NA,NA,4.382,2.595,148.682547836449,57,0.21869275186196507,-4
5,16,35,64,0,1,0.833,64,NA,NA,4.383,5.108,292.666841752824,57,0.21869275186196507,60
5,17,0,55,-49,1,0.9,-49,50,-0.373894059634972,4.383,1.966,112.64350252272,50,-0.373894059634972,11
5,18,0,55,-61,1,1.067,55,NA,NA,4.382,6.113,350.249100163472,50,-0.373894059634972,66
5,19,0,75,-67,1,2.118,-67,NA,NA,4.383,1.212,69.4424847698558,50,-0.373894059634972,-1
5,20,35,70,0,1,0.852,70,54,-0.0352730244938651,4.381,3.977,227.865315123528,54,-0.0352730244938651,69
5,21,30,55,0,1,1.083,0,NA,NA,4.382,2.72,155.844520275584,54,-0.0352730244938651,69
5,22,35,72,0,1,0.933,0,50,-0.373894059634972,4.384,3.097,177.445029152016,50,-0.373894059634972,69
5,23,30,60,0,1,0.949,60,NA,NA,4.384,4.354,249.46582399996,50,-0.373894059634972,129
5,24,-30,0,-96,1,0.867,0,NA,NA,4.383,5.108,292.666841752824,50,-0.373894059634972,129
5,25,0,55,-19,1,2.201,-19,50,-0.373894059634972,4.382,2.595,148.682547836449,50,-0.373894059634972,110
5,26,-45,0,-95,1,1.05,-95,NA,NA,4.383,1.087,62.2805123307205,50,-0.373894059634972,15
5,27,-45,0,-85,1,0.834,-85,NA,NA,4.382,1.715,98.2622618649362,50,-0.373894059634972,-70
5,28,0,40,-80,1,2.935,40,33,-1.8130334589846764,4.383,5.862,335.867859505689,33,-1.8130334589846764,-30
5,29,-45,0,-85,0,2.649,-45,NA,NA,NA,NA,NA,33,-1.8130334589846764,-75
5,30,45,79,0,1,2.201,79,42,-1.0511361299171857,4.383,4.982,285.447573534176,42,-1.0511361299171857,4
6,1,55,149,0,0,8.401,55,54,0.998009989103591,NA,NA,NA,54,0.998009989103591,55
6,2,-55,0,-117,0,8.701,-55,NA,NA,NA,NA,NA,54,0.998009989103591,0
6,3,30,55,0,1,3.401,0,52,0.7431989280558657,4.383,2.181,124.962095118033,52,0.7431989280558657,0
6,4,35,72,0,1,5.317,72,NA,NA,4.383,4.228,242.246555781312,52,0.7431989280558657,72
6,5,0,55,-110,0,5.867,0,NA,NA,NA,NA,NA,52,0.7431989280558657,72
6,6,30,72,0,1,3.934,0,50,0.4883878670081404,4.383,3.06,175.325085310032,50,0.4883878670081404,72
6,7,-30,0,-58,0,6.166,-30,NA,NA,NA,NA,NA,50,0.4883878670081404,42
6,8,0,40,-54,1,4.567,-54,NA,NA,4.384,2.935,168.163112870897,50,0.4883878670081404,-12
6,9,0,75,-58,1,4.151,-58,42,-0.5308563771827607,4.382,2.846,163.063788494232,42,-0.5308563771827607,-70
6,10,55,94,0,0,3.818,55,NA,NA,NA,NA,NA,42,-0.5308563771827607,-15
6,11,-45,0,-108,1,5.85,-108,38,-1.0404784992782112,4.383,1.212,69.4424847698558,38,-1.0404784992782112,-123
6,12,-55,0,-132,1,3.217,-132,NA,NA,4.383,2.092,119.862770741368,38,-1.0404784992782112,-255
6,13,35,72,0,0,2.883,35,NA,NA,NA,NA,NA,38,-1.0404784992782112,-220
6,14,-45,0,-85,1,6.134,-85,31,-1.9323172129452497,4.383,1.05,60.1605684887364,31,-1.9323172129452497,-305
6,15,0,40,-14,1,4.101,-14,NA,NA,4.383,2.935,168.163112870897,31,-1.9323172129452497,-319
6,16,-35,0,-66,1,3.701,0,NA,NA,4.382,3.563,204.144862405112,31,-1.9323172129452497,-319
6,17,30,65,0,0,2.566,30,50,0.4883878670081404,NA,NA,NA,50,0.4883878670081404,-289
6,18,-45,0,-85,1,3.734,-85,NA,NA,4.383,0.044,2.52101429857562,50,0.4883878670081404,-374
6,19,55,220,0,1,5.218,0,NA,NA,4.382,1.552,88.9230498043038,50,0.4883878670081404,-374
6,20,-35,0,-68,1,5.768,0,50,0.4883878670081404,4.382,4.694,268.946389034408,50,0.4883878670081404,-374
6,21,0,55,-11,1,6.885,55,NA,NA,4.381,4.102,235.027287562664,50,0.4883878670081404,-319
6,22,-45,0,-74,1,5.8,0,53,0.8706044585797283,4.383,3.689,211.364130623761,53,0.8706044585797283,-319
6,23,30,58,0,0,3.168,30,NA,NA,NA,NA,NA,53,0.8706044585797283,-289
6,24,0,75,-38,0,3.434,0,NA,NA,NA,NA,NA,53,0.8706044585797283,-289
6,25,-55,0,-149,0,6.018,-55,50,0.4883878670081404,NA,NA,NA,50,0.4883878670081404,-344
6,26,45,108,0,0,3.283,45,NA,NA,NA,NA,NA,50,0.4883878670081404,-299
6,27,0,40,-40,1,3.75,-40,NA,NA,4.383,2.809,160.943844652248,50,0.4883878670081404,-339
6,28,-45,0,-85,1,4.55,-85,34,-1.550100621373662,4.384,2.809,160.943844652248,34,-1.550100621373662,-424
6,29,55,149,0,1,3.665,0,NA,NA,4.382,0.333,19.0794945778564,34,-1.550100621373662,-424
6,30,0,55,-42,0,2.399,0,50,0.4883878670081404,NA,NA,NA,50,0.4883878670081404,-424
7,1,35,95,0,1,4.85,0,76,0.2179559553315563,4.385,1.715,98.2622618649362,76,0.2179559553315563,0
7,2,-45,0,-85,1,1.984,0,NA,NA,4.383,5.987,343.029831944824,76,0.2179559553315563,0
7,3,0,40,-54,1,1.685,-54,75,-0.07265198511051876,4.383,2.469,141.4632796178,75,-0.07265198511051876,-54
7,4,0,40,-8,1,2.867,-8,NA,NA,4.383,2.469,141.4632796178,75,-0.07265198511051876,-62
7,5,-30,0,-60,1,1.684,-60,NA,NA,4.382,1.589,91.0429936462878,75,-0.07265198511051876,-122
7,6,0,75,-48,1,2.518,75,78,0.7991718362157064,4.383,4.605,263.847064657744,78,0.7991718362157064,-47
7,7,-45,0,-122,0,5.652,-45,NA,NA,NA,NA,NA,78,0.7991718362157064,-92
7,8,-35,0,-66,0,4.083,-35,NA,NA,NA,NA,NA,78,0.7991718362157064,-127
7,9,-30,0,-53,1,3.418,-53,70,-1.5256916873208939,4.383,1.212,69.4424847698558,70,-1.5256916873208939,-180
7,10,35,57,0,1,3.768,57,NA,NA,4.383,5.233,299.82881419196,70,-1.5256916873208939,-123
7,11,-30,0,-81,0,5.516,-30,75,-0.07265198511051876,NA,NA,NA,75,-0.07265198511051876,-153
7,12,-45,0,-82,0,4.7,-45,NA,NA,NA,NA,NA,75,-0.07265198511051876,-198
7,13,55,120,0,1,2.184,0,NA,NA,4.382,2.72,155.844520275584,75,-0.07265198511051876,-198
7,14,35,79,0,1,2.401,79,73,-0.6538678659946688,4.383,5.485,314.267350629257,73,-0.6538678659946688,-119
7,15,35,79,0,1,4.051,79,NA,NA,4.384,3.474,199.045538028448,73,-0.6538678659946688,-40
7,16,0,75,-150,1,6.151,75,NA,NA,4.382,5.108,292.666841752824,73,-0.6538678659946688,35
7,17,0,75,-83,1,3.301,-83,71,-1.235083746878819,4.382,0.081,4.64095814055967,71,-1.235083746878819,-48
7,18,30,72,0,1,2.749,72,NA,NA,4.385,4.605,263.847064657744,71,-1.235083746878819,24
7,19,-30,0,-58,1,5.401,-58,NA,NA,4.383,2.092,119.862770741368,71,-1.235083746878819,-34
7,20,45,95,0,1,2.702,0,73,-0.6538678659946688,4.382,1.338,76.6617529885041,73,-0.6538678659946688,-34
7,21,-30,0,-60,1,2.917,0,NA,NA,4.383,5.862,335.867859505689,73,-0.6538678659946688,-34
7,22,0,75,-101,1,4.318,75,75,-0.07265198511051876,4.382,4.228,242.246555781312,75,-0.07265198511051876,41
7,23,-45,0,-85,1,4.986,-85,NA,NA,4.381,2.72,155.844520275584,75,-0.07265198511051876,-44
7,24,55,110,0,1,2.318,110,NA,NA,4.385,3.474,199.045538028448,75,-0.07265198511051876,66
7,25,-30,0,-120,1,3.084,0,83,2.2522115384260815,4.383,5.233,299.82881419196,83,2.2522115384260815,66
7,26,0,75,-75,1,4.215,-75,NA,NA,4.385,0.207,11.860226359208,83,2.2522115384260815,-9
7,27,30,65,0,1,3.751,65,NA,NA,4.382,4.228,242.246555781312,83,2.2522115384260815,56
7,28,0,55,-110,0,4.481,0,77,0.5085638957736314,NA,NA,NA,77,0.5085638957736314,56
7,29,30,81,0,1,4.021,0,NA,NA,4.378,1.464,83.8810212071525,77,0.5085638957736314,56
7,30,45,122,0,1,4.067,0,77,0.5085638957736314,4.383,1.966,112.64350252272,77,0.5085638957736314,56
8,1,0,75,-83,0,3.849,0,54,0.9654391897637321,NA,NA,NA,54,0.9654391897637321,0
8,2,-35,0,-70,0,5.717,-35,NA,NA,NA,NA,NA,54,0.9654391897637321,-35
8,3,-55,0,-149,0,4.217,-55,44,-1.6675767823191754,NA,NA,NA,44,-1.6675767823191754,-90
8,4,30,64,0,0,2.901,30,NA,NA,NA,NA,NA,44,-1.6675767823191754,-60
8,5,-45,0,-102,0,2.916,-45,NA,NA,NA,NA,NA,44,-1.6675767823191754,-105
8,6,30,81,0,0,4.966,30,56,1.4920423841803137,NA,NA,NA,56,1.4920423841803137,-75
8,7,-45,0,-108,0,1.699,-45,NA,NA,NA,NA,NA,56,1.4920423841803137,-120
8,8,0,75,-150,0,2.667,0,NA,NA,NA,NA,NA,56,1.4920423841803137,-120
8,9,0,40,-44,1,9.534,-44,50,-0.08776719906943087,4.382,2.092,119.862770741368,50,-0.08776719906943087,-164
8,10,35,60,0,0,2.183,35,NA,NA,NA,NA,NA,50,-0.08776719906943087,-129
8,11,35,64,0,0,3.366,35,50,-0.08776719906943087,NA,NA,NA,50,-0.08776719906943087,-94
8,12,0,40,-44,1,8.034,40,NA,NA,4.382,4.856,278.228305315528,50,-0.08776719906943087,-54
8,13,45,82,0,0,1.85,45,NA,NA,NA,NA,NA,50,-0.08776719906943087,-9
8,14,-55,0,-117,0,2.484,-55,50,-0.08776719906943087,NA,NA,NA,50,-0.08776719906943087,-64
8,15,55,117,0,0,5.401,55,NA,NA,NA,NA,NA,50,-0.08776719906943087,-9
8,16,-30,0,-120,0,1.701,-30,NA,NA,NA,NA,NA,50,-0.08776719906943087,-39
8,17,0,55,-35,1,3.767,-35,50,-0.08776719906943087,4.383,2.218,127.082038960017,50,-0.08776719906943087,-74
8,18,0,75,-58,0,4.281,0,NA,NA,NA,NA,NA,50,-0.08776719906943087,-74
8,19,0,55,-74,0,2.499,0,NA,NA,NA,NA,NA,50,-0.08776719906943087,-74
8,20,0,75,-38,0,4.018,0,50,-0.08776719906943087,NA,NA,NA,50,-0.08776719906943087,-74
8,21,30,62,0,1,3.767,0,NA,NA,4.382,2.218,127.082038960017,50,-0.08776719906943087,-74
8,22,30,120,0,1,2.149,0,50,-0.08776719906943087,4.382,2.181,124.962095118033,50,-0.08776719906943087,-74
8,23,30,68,0,1,2.134,68,NA,NA,4.383,3.851,220.64604690488,50,-0.08776719906943087,-6
8,24,-35,0,-84,0,1.9,-35,NA,NA,NA,NA,NA,50,-0.08776719906943087,-41
8,25,55,113,0,0,2.983,55,56,1.4920423841803137,NA,NA,NA,56,1.4920423841803137,14
8,26,-30,0,-64,0,1.533,-30,NA,NA,NA,NA,NA,56,1.4920423841803137,-16
8,27,-30,0,-60,0,1.318,-30,NA,NA,NA,NA,NA,56,1.4920423841803137,-46
8,28,-45,0,-79,0,2.134,-45,44,-1.6675767823191754,NA,NA,NA,44,-1.6675767823191754,-91
8,29,55,132,0,0,1.967,55,NA,NA,NA,NA,NA,44,-1.6675767823191754,-36
8,30,-45,0,-102,0,1.484,-45,50,-0.08776719906943087,NA,NA,NA,50,-0.08776719906943087,-81
9,1,-55,0,-113,1,6.702,0,65,0.4576759143985953,4.381,3.474,199.045538028448,65,0.4576759143985953,0
9,2,30,96,0,0,7.783,30,NA,NA,NA,NA,NA,65,0.4576759143985953,30
9,3,0,55,-11,1,14.602,-11,64,0.3780801031988396,4.382,1.966,112.64350252272,64,0.3780801031988396,19
9,4,-55,0,-149,0,6.068,-55,NA,NA,NA,NA,NA,64,0.3780801031988396,-36
9,5,55,132,0,1,4.585,132,NA,NA,4.384,4.191,240.126611939328,64,0.3780801031988396,96
9,6,55,132,0,0,2.436,55,72,1.0148465927968853,NA,NA,NA,72,1.0148465927968853,151
9,7,-30,0,-96,0,14.701,-30,NA,NA,NA,NA,NA,72,1.0148465927968853,121
9,8,0,75,-48,0,3.235,0,NA,NA,NA,NA,NA,72,1.0148465927968853,121
9,9,45,85,0,0,3.917,45,66,0.537271725598351,NA,NA,NA,66,0.537271725598351,166
9,10,-55,0,-103,1,5.951,-103,NA,NA,4.382,1.678,96.1423180229521,66,0.537271725598351,63
9,11,-30,0,-62,1,2.983,-62,51,-0.6566654423979845,4.383,0.044,2.52101429857562,51,-0.6566654423979845,1
9,12,-35,0,-112,0,4.107,-35,NA,NA,NA,NA,NA,51,-0.6566654423979845,-34
9,13,0,40,-80,1,5.883,-80,NA,NA,4.383,2.092,119.862770741368,51,-0.6566654423979845,-114
9,14,-35,0,-68,1,10.7,-68,37,-1.7710067991945644,4.385,2.558,146.562603994465,37,-1.7710067991945644,-182
9,15,55,149,0,1,5.669,149,NA,NA,4.385,5.485,314.267350629257,37,-1.7710067991945644,-33
9,16,0,55,-110,0,14.599,0,NA,NA,NA,NA,NA,37,-1.7710067991945644,-33
9,17,30,56,0,1,11.416,0,54,-0.41787800879871745,4.383,0.081,4.64095814055967,54,-0.41787800879871745,-33
9,18,-30,0,-68,1,16.519,0,NA,NA,4.384,5.574,319.366675005921,54,-0.41787800879871745,-33
9,19,0,75,-38,1,10.784,75,NA,NA,4.383,3.563,204.144862405112,54,-0.41787800879871745,42
9,20,0,55,-110,0,3.334,0,60,0.059696858399816775,NA,NA,NA,60,0.059696858399816775,42
9,21,0,55,-55,0,39.848,0,NA,NA,NA,NA,NA,60,0.059696858399816775,42
9,22,-45,0,-82,1,12.783,-82,42,-1.3730277431957858,4.382,2.935,168.163112870897,42,-1.3730277431957858,-40
9,23,0,55,-49,1,9.617,55,NA,NA,4.382,4.066,232.964639500193,42,-1.3730277431957858,15
9,24,45,85,0,0,2.585,45,NA,NA,NA,NA,NA,42,-1.3730277431957858,60
9,25,-45,0,-180,0,12.267,-45,50,-0.7362612535977402,NA,NA,NA,50,-0.7362612535977402,15
9,26,45,79,0,0,2.885,45,NA,NA,NA,NA,NA,50,-0.7362612535977402,60
9,27,30,81,0,1,7.634,81,NA,NA,4.383,4.568,261.72712081576,50,-0.7362612535977402,141
9,28,55,124,0,1,2.585,124,76,1.333229837595908,4.382,5.448,312.147406787273,76,1.333229837595908,265
9,29,-45,0,-85,1,6.385,0,NA,NA,4.383,3.312,189.763621747329,76,1.333229837595908,265
9,30,30,53,0,1,4.349,0,74,1.1740382151963966,4.383,2.432,139.343335775816,74,1.1740382151963966,265
10,1,30,58,0,1,6.451,58,67,-0.8640210026505378,4.383,4.605,263.847064657744,67,-0.8640210026505378,58
10,2,-45,0,-90,0,9.134,-45,NA,NA,NA,NA,NA,67,-0.8640210026505378,13
10,3,0,40,-8,1,4.1,-8,68,-0.7391023034721469,4.383,0.584,33.4607352356401,68,-0.7391023034721469,5
10,4,-45,0,-90,0,2.817,-45,NA,NA,NA,NA,NA,68,-0.7391023034721469,-40
10,5,45,77,0,1,3.151,77,NA,NA,4.382,4.354,249.46582399996,68,-0.7391023034721469,37
10,6,-55,0,-176,1,5.216,0,79,0.6350033874901533,4.384,5.862,335.867859505689,79,0.6350033874901533,37
10,7,30,51,0,1,5.951,0,NA,NA,4.382,2.218,127.082038960017,79,0.6350033874901533,37
10,8,-30,0,-64,0,8.217,-30,NA,NA,NA,NA,NA,79,0.6350033874901533,7
10,9,35,140,0,1,2.15,140,78,0.5100846883117623,4.382,3.851,220.64604690488,78,0.5100846883117623,147
10,10,-45,0,-180,0,3.216,-45,NA,NA,NA,NA,NA,78,0.5100846883117623,102
10,11,-30,0,-60,1,4.618,0,76,0.26024728995498053,4.382,6.239,357.468368382121,76,0.26024728995498053,102
10,12,-35,0,-72,0,7.186,-35,NA,NA,NA,NA,NA,76,0.26024728995498053,67
10,13,0,75,-150,0,4.3,0,NA,NA,NA,NA,NA,76,0.26024728995498053,67
10,14,0,75,-101,0,10.301,0,68,-0.7391023034721469,NA,NA,NA,68,-0.7391023034721469,67
10,15,0,40,-54,1,6.801,40,NA,NA,4.383,4.228,242.246555781312,68,-0.7391023034721469,107
10,16,0,40,-36,0,10.568,0,NA,NA,NA,NA,NA,68,-0.7391023034721469,107
10,17,35,68,0,1,3.518,0,61,-1.6135331977208833,4.383,1.589,91.0429936462878,61,-1.6135331977208833,107
10,18,0,40,-14,1,3.334,-14,NA,NA,4.382,0.458,26.2414670169917,61,-1.6135331977208833,93
10,19,-55,0,-132,0,7.019,-55,NA,NA,NA,NA,NA,61,-1.6135331977208833,38
10,20,30,53,0,0,5.084,30,65,-1.1138584010073196,NA,NA,NA,65,-1.1138584010073196,68
10,21,55,149,0,1,3.167,0,NA,NA,4.382,0.835,47.8419758934237,65,-1.1138584010073196,68
10,22,55,103,0,1,4.317,103,76,0.26024728995498053,4.383,5.359,307.048082410608,76,0.26024728995498053,171
10,23,0,40,-8,1,6.6,-8,NA,NA,4.383,1.715,98.2622618649362,76,0.26024728995498053,163
10,24,45,95,0,1,4.551,95,NA,NA,4.382,4.443,254.565148376625,76,0.26024728995498053,258
10,25,0,55,-28,0,5.484,0,79,0.6350033874901533,NA,NA,NA,79,0.6350033874901533,258
10,26,-45,0,-95,0,4.351,-45,NA,NA,NA,NA,NA,79,0.6350033874901533,213
10,27,45,79,0,1,3.067,79,NA,NA,4.383,5.448,312.147406787273,79,0.6350033874901533,292
10,28,55,110,0,1,4.451,110,88,1.7592716800956716,4.383,3.94,225.745371281544,88,1.7592716800956716,402
10,29,-45,0,-79,1,9.684,0,NA,NA,4.383,4.945,283.327629692192,88,1.7592716800956716,402
10,30,-35,0,-57,1,7.235,0,82,1.009759485025326,4.382,4.443,254.565148376625,82,1.009759485025326,402
11,1,-30,0,-58,1,7.051,-58,60,-0.02999291160396828,4.384,0.924,52.9413002700881,60,-0.02999291160396828,-58
11,2,0,55,-11,1,7.167,-11,NA,NA,4.383,0.584,33.4607352356401,60,-0.02999291160396828,-69
11,3,35,112,0,1,8.584,112,66,1.0497519061389051,4.382,4.731,271.066332876392,66,1.0497519061389051,43
11,4,55,132,0,1,4.184,132,NA,NA,4.382,5.61,321.429323068392,66,1.0497519061389051,175
11,5,0,40,-44,1,8.05,40,NA,NA,4.383,3.851,220.64604690488,66,1.0497519061389051,215
11,6,-30,0,-64,0,8.683,-30,56,-0.7498227900992172,NA,NA,NA,56,-0.7498227900992172,185
11,7,-30,0,-49,1,7.435,0,NA,NA,4.382,3.977,227.865315123528,56,-0.7498227900992172,185
11,8,45,144,0,1,10.75,0,NA,NA,4.383,1.841,105.481530083585,56,-0.7498227900992172,185
11,9,-45,0,-108,0,4.851,-45,59,-0.2099503812277805,NA,NA,NA,59,-0.2099503812277805,140
11,10,35,74,0,0,5.333,35,NA,NA,NA,NA,NA,59,-0.2099503812277805,175
11,11,-45,0,-95,1,5.983,0,58,-0.38990785085159274,4.382,4.731,271.066332876392,58,-0.38990785085159274,175
11,12,0,40,-54,1,8.166,-54,NA,NA,4.384,0.71,40.6800034542884,58,-0.38990785085159274,121
11,13,-35,0,-64,1,5.169,0,NA,NA,4.38,5.987,343.029831944824,58,-0.38990785085159274,121
11,14,0,55,-28,1,4.5,55,72,2.1294967238817786,4.384,5.485,314.267350629257,72,2.1294967238817786,176
11,15,0,40,-80,0,6.185,0,NA,NA,NA,NA,NA,72,2.1294967238817786,176
11,16,35,95,0,0,4.217,35,NA,NA,NA,NA,NA,72,2.1294967238817786,211
11,17,-55,0,-113,1,10.768,0,63,0.5098794972674684,4.382,5.359,307.048082410608,63,0.5098794972674684,211
11,18,-45,0,-82,1,4.516,0,NA,NA,4.383,5.359,307.048082410608,63,0.5098794972674684,211
11,19,30,56,0,0,3.217,30,NA,NA,NA,NA,NA,63,0.5098794972674684,241
11,20,55,103,0,0,3.784,55,63,0.5098794972674684,NA,NA,NA,63,0.5098794972674684,296
11,21,0,55,-61,1,7.019,55,NA,NA,4.381,3.6,206.264806247096,63,0.5098794972674684,351
11,22,0,75,-75,0,4.314,0,58,-0.38990785085159274,NA,NA,NA,58,-0.38990785085159274,351
11,23,30,96,0,0,4.85,30,NA,NA,NA,NA,NA,58,-0.38990785085159274,381
11,24,30,96,0,0,2.333,30,NA,NA,NA,NA,NA,58,-0.38990785085159274,411
11,25,0,40,-54,0,3.5,0,56,-0.7498227900992172,NA,NA,NA,56,-0.7498227900992172,411
11,26,-30,0,-68,1,5.067,-68,NA,NA,4.382,2.469,141.4632796178,56,-0.7498227900992172,343
11,27,45,144,0,0,2.218,45,NA,NA,NA,NA,NA,56,-0.7498227900992172,388
11,28,-30,0,-60,1,3.668,-60,50,-1.8295676078420904,4.382,0.961,55.0612441120721,50,-1.8295676078420904,328
11,29,-35,0,-60,1,2.8,0,NA,NA,4.383,3.6,206.264806247096,50,-1.8295676078420904,328
11,30,35,57,0,0,2.001,35,61,0.14996455801984393,NA,NA,NA,61,0.14996455801984393,363
12,1,0,40,-80,0,8.416,0,67,-0.2668124401819715,NA,NA,NA,67,-0.2668124401819715,0
12,2,45,95,0,1,2.868,0,NA,NA,4.382,1.966,112.64350252272,67,-0.2668124401819715,0
12,3,0,40,-80,0,2.367,0,62,-0.8597289739196858,NA,NA,NA,62,-0.8597289739196858,0
12,4,-45,0,-82,1,5.351,-82,NA,NA,4.382,0.333,19.0794945778564,62,-0.8597289739196858,-82
12,5,-30,0,-56,1,3.383,0,NA,NA,4.382,3.348,191.8262698098,62,-0.8597289739196858,-82
12,6,0,75,-150,0,3.551,0,59,-1.2154788941623145,NA,NA,NA,59,-1.2154788941623145,-82
12,7,0,55,-110,0,3.915,0,NA,NA,NA,NA,NA,59,-1.2154788941623145,-82
12,8,35,76,0,0,4.818,35,NA,NA,NA,NA,NA,59,-1.2154788941623145,-47
12,9,-45,0,-87,1,5.168,-87,58,-1.3340622009098573,4.382,1.589,91.0429936462878,58,-1.3340622009098573,-134
12,10,0,40,-44,1,5.035,40,NA,NA,4.383,3.6,206.264806247096,58,-1.3340622009098573,-94
12,11,-55,0,-124,0,3.217,-55,66,-0.38539574692951434,NA,NA,NA,66,-0.38539574692951434,-149
12,12,-45,0,-102,0,2.617,-45,NA,NA,NA,NA,NA,66,-0.38539574692951434,-194
12,13,30,64,0,0,2.917,30,NA,NA,NA,NA,NA,66,-0.38539574692951434,-164
12,14,45,77,0,0,1.516,45,64,-0.6225623604246001,NA,NA,NA,64,-0.6225623604246001,-119
12,15,0,75,-38,0,2.634,0,NA,NA,NA,NA,NA,64,-0.6225623604246001,-119
12,16,-35,0,-60,1,3.4,-60,NA,NA,4.382,0.835,47.8419758934237,64,-0.6225623604246001,-179
12,17,-45,0,-85,1,3.216,0,64,-0.6225623604246001,4.383,3.474,199.045538028448,64,-0.6225623604246001,-179
12,18,0,55,-110,0,2.734,0,NA,NA,NA,NA,NA,64,-0.6225623604246001,-179
12,19,-30,0,-49,1,2.416,0,NA,NA,4.383,3.6,206.264806247096,64,-0.6225623604246001,-179
12,20,55,97,0,0,2.716,55,74,0.5632707070508287,NA,NA,NA,74,0.5632707070508287,-124
12,21,55,176,0,1,2.967,176,NA,NA,4.382,6.113,350.249100163472,74,0.5632707070508287,52
12,22,30,56,0,1,2.251,0,79,1.156187240788543,4.383,3.097,177.445029152016,79,1.156187240788543,52
12,23,55,97,0,0,2.384,55,NA,NA,NA,NA,NA,79,1.156187240788543,107
12,24,-35,0,-57,0,2.118,-35,NA,NA,NA,NA,NA,79,1.156187240788543,72
12,25,55,220,0,1,1.917,0,79,1.156187240788543,4.383,1.966,112.64350252272,79,1.156187240788543,72
12,26,-45,0,-87,1,3.334,-87,NA,NA,4.383,2.469,141.4632796178,79,1.156187240788543,-15
12,27,0,75,-67,1,4.351,-67,NA,NA,4.383,0.333,19.0794945778564,79,1.156187240788543,-82
12,28,35,95,0,1,2.701,95,81,1.3933538542836288,4.383,5.108,292.666841752824,81,1.3933538542836288,13
12,29,-30,0,-60,0,5.233,-30,NA,NA,NA,NA,NA,81,1.3933538542836288,-17
12,30,35,95,0,1,2.167,95,78,1.0376039340410002,4.383,5.233,299.82881419196,78,1.0376039340410002,78
13,1,35,66,0,1,12.201,66,60,0.4248148819311596,4.382,4.856,278.228305315528,60,0.4248148819311596,66
13,2,0,75,-15,1,4.93,75,NA,NA,4.382,5.197,297.766166129489,60,0.4248148819311596,141
13,3,30,55,0,0,3.634,30,68,1.3113850703092313,NA,NA,NA,68,1.3113850703092313,171
13,4,35,95,0,1,3.751,95,NA,NA,4.382,4.82,276.165657253057,68,1.3113850703092313,266
13,5,35,68,0,0,2.617,35,NA,NA,NA,NA,NA,68,1.3113850703092313,301
13,6,-55,0,-132,0,2.917,-55,59,0.31399360838390067,NA,NA,NA,59,0.31399360838390067,246
13,7,-45,0,-74,1,4.034,-74,NA,NA,4.383,0.421,24.1215231750077,59,0.31399360838390067,172
13,8,30,53,0,0,2.583,30,NA,NA,NA,NA,NA,59,0.31399360838390067,202
13,9,0,75,-150,0,3.217,0,53,-0.3509340328996531,NA,NA,NA,53,-0.3509340328996531,202
13,10,45,108,0,0,6.401,45,NA,NA,NA,NA,NA,53,-0.3509340328996531,247
13,11,-30,0,-56,1,3.4,0,58,0.20317233483664168,4.383,5.197,297.766166129489,58,0.20317233483664168,247
13,12,-45,0,-79,1,2.398,-79,NA,NA,4.383,2.181,124.962095118033,58,0.20317233483664168,168
13,13,55,107,0,0,2.616,55,NA,NA,NA,NA,NA,58,0.20317233483664168,223
13,14,-30,0,-120,0,2.149,-30,56,-0.01847021225787623,NA,NA,NA,56,-0.01847021225787623,193
13,15,-55,0,-149,0,5.599,-55,NA,NA,NA,NA,NA,56,-0.01847021225787623,138
13,16,0,55,-11,1,7.05,55,NA,NA,4.383,5.322,304.928138568624,56,-0.01847021225787623,193
13,17,0,55,-11,1,2.683,55,62,0.6464574290256775,4.383,4.317,247.345880157976,62,0.6464574290256775,248
13,18,30,65,0,1,3.601,65,NA,NA,4.386,4.443,254.565148376625,62,0.6464574290256775,313
13,19,-30,0,-72,0,4.867,-30,NA,NA,NA,NA,NA,62,0.6464574290256775,283
13,20,30,65,0,1,2.816,65,67,1.2005637967619722,4.384,4.568,261.72712081576,67,1.2005637967619722,348
13,21,-35,0,-70,0,3.483,-35,NA,NA,NA,NA,NA,67,1.2005637967619722,313
13,22,-55,0,-113,0,3.133,-55,44,-1.3483254948249837,NA,NA,NA,44,-1.3483254948249837,258
13,23,30,55,0,0,5.35,30,NA,NA,NA,NA,NA,44,-1.3483254948249837,288
13,24,0,40,-26,1,2.833,-26,NA,NA,4.383,2.181,124.962095118033,44,-1.3483254948249837,262
13,25,45,79,0,0,2.082,45,53,-0.3509340328996531,NA,NA,NA,53,-0.3509340328996531,307
13,26,0,75,-150,0,3.216,0,NA,NA,NA,NA,NA,53,-0.3509340328996531,307
13,27,-55,0,-176,0,3.901,-55,NA,NA,NA,NA,NA,53,-0.3509340328996531,252
13,28,-45,0,-82,0,5.967,-45,36,-2.2348956832030553,NA,NA,NA,36,-2.2348956832030553,207
13,29,0,40,-14,1,3.05,40,NA,NA,4.383,6.202,355.348424540137,36,-2.2348956832030553,247
13,30,0,75,-15,1,2.47,-15,58,0.20317233483664168,4.38,2.558,146.562603994465,58,0.20317233483664168,232
14,1,55,97,0,1,4.768,0,50,0.12964074471043288,4.382,2.72,155.844520275584,50,0.12964074471043288,0
14,2,30,120,0,0,1.8,30,NA,NA,NA,NA,NA,50,0.12964074471043288,30
14,3,0,55,-35,1,1.901,-35,50,0.12964074471043288,4.383,0.71,40.6800034542884,50,0.12964074471043288,-5
14,4,55,113,0,1,1.55,113,NA,NA,4.383,4.731,271.066332876392,50,0.12964074471043288,108
14,5,0,55,-49,1,2.702,55,NA,NA,4.382,4.605,263.847064657744,50,0.12964074471043288,163
14,6,-30,0,-120,1,4.785,0,67,1.2315870747491124,4.382,5.485,314.267350629257,67,1.2315870747491124,163
14,7,-45,0,-98,0,3.233,-45,NA,NA,NA,NA,NA,67,1.2315870747491124,118
14,8,35,66,0,1,2.568,0,NA,NA,4.382,0.333,19.0794945778564,67,1.2315870747491124,118
14,9,30,81,0,0,2.537,30,67,1.2315870747491124,NA,NA,NA,67,1.2315870747491124,148
14,10,30,56,0,0,2.701,30,NA,NA,NA,NA,NA,67,1.2315870747491124,178
14,11,30,51,0,0,2.452,30,70,1.4260481918147616,NA,NA,NA,70,1.4260481918147616,208
14,12,0,40,-36,1,3.151,40,NA,NA,4.382,3.851,220.64604690488,70,1.4260481918147616,248
14,13,-45,0,-77,0,2.933,-45,NA,NA,NA,NA,NA,70,1.4260481918147616,203
14,14,0,75,-15,1,2.001,-15,41,-0.4537426064865151,4.382,2.972,170.283056712881,41,-0.4537426064865151,188
14,15,30,53,0,0,1.668,30,NA,NA,NA,NA,NA,41,-0.4537426064865151,218
14,16,55,220,0,0,1.334,55,NA,NA,NA,NA,NA,41,-0.4537426064865151,273
14,17,-55,0,-100,1,3.933,-100,29,-1.2315870747491124,4.383,2.092,119.862770741368,29,-1.2315870747491124,173
14,18,-35,0,-79,1,2.2,0,NA,NA,4.384,4.102,235.027287562664,29,-1.2315870747491124,173
14,19,-35,0,-62,1,2.049,-62,NA,NA,4.382,0.835,47.8419758934237,29,-1.2315870747491124,111
14,20,-35,0,-72,1,1.751,0,42,-0.38892223413129867,4.382,3.977,227.865315123528,42,-0.38892223413129867,111
14,21,-55,0,-113,1,1.767,0,NA,NA,4.383,3.725,213.426778686232,42,-0.38892223413129867,111
14,22,-55,0,-149,1,1.767,-149,25,-1.4908685641699781,4.383,3.097,177.445029152016,25,-1.4908685641699781,-38
14,23,0,40,-54,0,2.184,0,NA,NA,NA,NA,NA,25,-1.4908685641699781,-38
14,24,0,75,-26,0,1.2,0,NA,NA,NA,NA,NA,25,-1.4908685641699781,-38
14,25,0,55,-55,0,1.684,0,50,0.12964074471043288,NA,NA,NA,50,0.12964074471043288,-38
14,26,-55,0,-220,1,1.617,-220,NA,NA,4.383,1.966,112.64350252272,50,0.12964074471043288,-258
14,27,45,79,0,0,1.533,45,NA,NA,NA,NA,NA,50,0.12964074471043288,-213
14,28,-45,0,-95,1,2.634,-95,29,-1.2315870747491124,4.382,0.333,19.0794945778564,29,-1.2315870747491124,-308
14,29,45,87,0,0,1.599,45,NA,NA,NA,NA,NA,29,-1.2315870747491124,-263
14,30,0,40,-14,0,2.967,0,56,0.5185629788417315,NA,NA,NA,56,0.5185629788417315,-263
15,1,0,75,-67,1,11.317,-67,72,-1.5945226206531504,4.383,3.097,177.445029152016,72,-1.5945226206531504,-67
15,2,55,124,0,1,5.651,124,NA,NA,4.383,5.108,292.666841752824,72,-1.5945226206531504,57
15,3,-35,0,-79,0,7.051,-35,70,-2.029392426285828,NA,NA,NA,70,-2.029392426285828,22
15,4,35,76,0,1,8.234,0,NA,NA,4.383,2.972,170.283056712881,70,-2.029392426285828,22
15,5,-55,0,-103,1,11.285,0,NA,NA,4.382,4.856,278.228305315528,70,-2.029392426285828,22
15,6,-35,0,-84,1,6.067,0,77,-0.5073481065714562,4.383,4.731,271.066332876392,77,-0.5073481065714562,22
15,7,0,55,-49,1,8.684,55,NA,NA,4.383,5.736,328.64859128704,77,-0.5073481065714562,77
15,8,0,75,-15,1,5.835,75,NA,NA,4.383,5.233,299.82881419196,77,-0.5073481065714562,152
15,9,55,100,0,0,5.9,55,83,0.7972613103265767,NA,NA,NA,83,0.7972613103265767,207
15,10,45,74,0,1,6.551,74,NA,NA,4.383,5.233,299.82881419196,83,0.7972613103265767,281
15,11,35,64,0,1,5.784,0,82,0.5798264075102378,4.383,0.333,19.0794945778564,82,0.5798264075102378,281
15,12,0,55,-55,1,8.902,-55,NA,NA,4.383,2.972,170.283056712881,82,0.5798264075102378,226
15,13,0,75,-101,1,7.1,-101,NA,NA,4.383,1.087,62.2805123307205,82,0.5798264075102378,125
15,14,-45,0,-108,0,8.035,-45,79,-0.07247830093877858,NA,NA,NA,79,-0.07247830093877858,80
15,15,0,55,-11,1,6.101,55,NA,NA,4.383,3.6,206.264806247096,79,-0.07247830093877858,135
15,16,0,75,-38,1,5.55,-38,NA,NA,4.383,2.092,119.862770741368,79,-0.07247830093877858,97
15,17,-45,0,-77,1,5.501,-77,78,-0.2899132037551174,4.382,1.338,76.6617529885041,78,-0.2899132037551174,20
15,18,45,79,0,0,4.984,45,NA,NA,NA,NA,NA,78,-0.2899132037551174,65
15,19,-35,0,-64,1,6.067,0,NA,NA,4.383,5.862,335.867859505689,78,-0.2899132037551174,65
15,20,0,75,-150,1,5.484,75,80,0.14495660187756024,4.383,4.856,278.228305315528,80,0.14495660187756024,140
15,21,-55,0,-176,1,5.882,-176,NA,NA,4.384,0.081,4.64095814055967,80,0.14495660187756024,-36
15,22,30,58,0,1,6.568,58,83,0.7972613103265767,4.383,3.348,191.8262698098,83,0.7972613103265767,22
15,23,-30,0,-60,1,5.018,-60,NA,NA,4.382,0.207,11.860226359208,83,0.7972613103265767,-38
15,24,-45,0,-79,1,4.732,0,NA,NA,4.384,3.725,213.426778686232,83,0.7972613103265767,-38
15,25,-35,0,-68,1,8.002,0,81,0.3623915046938991,4.383,5.233,299.82881419196,81,0.3623915046938991,-38
15,26,45,95,0,1,5.134,95,NA,NA,4.382,5.108,292.666841752824,81,0.3623915046938991,57
15,27,-45,0,-108,1,4.467,-108,NA,NA,4.384,0.961,55.0612441120721,81,0.3623915046938991,-51
15,28,35,57,0,1,4.434,0,81,0.3623915046938991,4.383,1.841,105.481530083585,81,0.3623915046938991,-51
15,29,55,103,0,1,4.084,0,NA,NA,4.383,0.584,33.4607352356401,81,0.3623915046938991,-51
15,30,45,144,0,1,2.618,144,86,1.4495660187755932,4.383,5.485,314.267350629257,86,1.4495660187755932,93
16,1,55,113,0,0,11.183,55,70,2.3197349572244823,NA,NA,NA,70,2.3197349572244823,55
16,2,0,75,-75,0,4.417,0,NA,NA,NA,NA,NA,70,2.3197349572244823,55
16,3,-45,0,-82,0,5.184,-45,66,1.7545203483576035,NA,NA,NA,66,1.7545203483576035,10
16,4,-45,0,-93,1,5.734,-93,NA,NA,4.383,1.338,76.6617529885041,66,1.7545203483576035,-83
16,5,-55,0,-103,1,4.217,-103,NA,NA,4.383,2.846,163.063788494232,66,1.7545203483576035,-186
16,6,-45,0,-82,0,2.033,-45,50,-0.5063380871099128,NA,NA,NA,50,-0.5063380871099128,-231
16,7,0,55,-35,1,5.083,-35,NA,NA,4.384,1.212,69.4424847698558,50,-0.5063380871099128,-266
16,8,-55,0,-107,0,2.217,-55,NA,NA,NA,NA,NA,50,-0.5063380871099128,-321
16,9,30,58,0,0,3.334,30,50,-0.5063380871099128,NA,NA,NA,50,-0.5063380871099128,-291
16,10,0,55,-28,1,1.833,-28,NA,NA,4.382,0.081,4.64095814055967,50,-0.5063380871099128,-319
16,11,55,97,0,1,1.534,0,50,-0.5063380871099128,4.384,2.218,127.082038960017,50,-0.5063380871099128,-319
16,12,0,55,-35,1,2.267,55,NA,NA,4.383,3.725,213.426778686232,50,-0.5063380871099128,-264
16,13,-45,0,-93,0,2.117,-45,NA,NA,NA,NA,NA,50,-0.5063380871099128,-309
16,14,0,40,-54,1,1.818,40,50,-0.5063380871099128,4.382,4.354,249.46582399996,50,-0.5063380871099128,-269
16,15,30,64,0,0,2.166,30,NA,NA,NA,NA,NA,50,-0.5063380871099128,-239
16,16,45,180,0,1,4.6,0,NA,NA,4.383,1.212,69.4424847698558,50,-0.5063380871099128,-239
16,17,-45,0,-180,0,2.133,-45,50,-0.5063380871099128,NA,NA,NA,50,-0.5063380871099128,-284
16,18,0,55,-74,0,2.334,0,NA,NA,NA,NA,NA,50,-0.5063380871099128,-284
16,19,30,58,0,1,5.483,0,NA,NA,4.384,3.06,175.325085310032,50,-0.5063380871099128,-284
16,20,30,72,0,0,3.034,30,50,-0.5063380871099128,NA,NA,NA,50,-0.5063380871099128,-254
16,21,55,97,0,1,4.9,97,NA,NA,4.383,3.725,213.426778686232,50,-0.5063380871099128,-157
16,22,30,49,0,1,3.167,0,50,-0.5063380871099128,4.383,0.333,19.0794945778564,50,-0.5063380871099128,-157
16,23,0,55,-61,0,2.718,0,NA,NA,NA,NA,NA,50,-0.5063380871099128,-157
16,24,55,110,0,0,2.701,55,NA,NA,NA,NA,NA,50,-0.5063380871099128,-102
16,25,-55,0,-220,0,2.55,-55,50,-0.5063380871099128,NA,NA,NA,50,-0.5063380871099128,-157
16,26,-55,0,-120,1,5.801,-120,NA,NA,4.383,1.715,98.2622618649362,50,-0.5063380871099128,-277
16,27,-45,0,-77,0,1.7,-45,NA,NA,NA,NA,NA,50,-0.5063380871099128,-322
16,28,30,68,0,1,2.101,68,57,0.48278747840712555,4.383,5.485,314.267350629257,57,0.48278747840712555,-254
16,29,0,75,-75,0,2.45,0,NA,NA,NA,NA,NA,57,0.48278747840712555,-254
16,30,-35,0,-74,0,2.753,-35,50,-0.5063380871099128,NA,NA,NA,50,-0.5063380871099128,-289
17,1,45,122,0,1,4.218,0,50,-0.2207035032731687,4.382,1.087,62.2805123307205,50,-0.2207035032731687,0
17,2,45,93,0,1,2.934,93,NA,NA,4.383,5.987,343.029831944824,50,-0.2207035032731687,93
17,3,0,55,-110,1,2.468,-110,38,-1.079657678174149,4.383,1.841,105.481530083585,38,-1.079657678174149,-17
17,4,0,55,-11,1,2.585,-11,NA,NA,4.382,1.212,69.4424847698558,38,-1.079657678174149,-28
17,5,45,108,0,1,1.934,0,NA,NA,4.384,2.092,119.862770741368,38,-1.079657678174149,-28
17,6,-45,0,-144,1,2.084,-144,32,-1.5091347656246392,4.383,2.972,170.283056712881,32,-1.5091347656246392,-172
17,7,-30,0,-64,1,1.75,0,NA,NA,4.382,4.228,242.246555781312,32,-1.5091347656246392,-172
17,8,-30,0,-51,1,1.834,0,NA,NA,4.383,5.987,343.029831944824,32,-1.5091347656246392,-172
17,9,0,55,-55,1,3.001,55,59,0.4235121279025665,4.383,4.479,256.627796439096,59,0.4235121279025665,-117
17,10,-55,0,-117,1,3.951,-117,NA,NA,4.383,0.835,47.8419758934237,59,0.4235121279025665,-234
17,11,0,55,-42,0,2.633,0,50,-0.2207035032731687,NA,NA,NA,50,-0.2207035032731687,-234
17,12,-35,0,-112,1,4.5,0,NA,NA,4.383,3.851,220.64604690488,50,-0.2207035032731687,-234
17,13,45,90,0,0,2.6,45,NA,NA,NA,NA,NA,50,-0.2207035032731687,-189
17,14,35,79,0,0,1.133,35,70,1.210886788228465,NA,NA,NA,70,1.210886788228465,-154
17,15,-45,0,-77,1,3.384,-77,NA,NA,4.383,0.333,19.0794945778564,70,1.210886788228465,-231
17,16,30,81,0,0,1.4,30,NA,NA,NA,NA,NA,70,1.210886788228465,-201
17,17,30,49,0,0,3.317,30,63,0.7098301862028933,NA,NA,NA,63,0.7098301862028933,-171
17,18,45,74,0,1,3.5,74,NA,NA,4.383,4.354,249.46582399996,63,0.7098301862028933,-97
17,19,-45,0,-90,1,3.283,-90,NA,NA,4.383,2.595,148.682547836449,63,0.7098301862028933,-187
17,20,35,60,0,1,5.7,60,62,0.6382506716278116,4.383,4.731,271.066332876392,62,0.6382506716278116,-127
17,21,0,55,-74,1,5.884,-74,NA,NA,4.383,2.595,148.682547836449,62,0.6382506716278116,-201
17,22,0,75,-75,1,2.467,-75,27,-1.8670323385000476,4.383,0.333,19.0794945778564,27,-1.8670323385000476,-276
17,23,0,55,-19,1,4.168,55,NA,NA,4.382,6.239,357.468368382121,27,-1.8670323385000476,-221
17,24,-45,0,-77,1,2.95,0,NA,NA,4.384,5.736,328.64859128704,27,-1.8670323385000476,-221
17,25,-30,0,-96,1,3.916,0,67,0.99614824450322,4.384,5.736,328.64859128704,67,0.99614824450322,-221
17,26,-35,0,-95,1,4.767,-95,NA,NA,4.382,2.218,127.082038960017,67,0.99614824450322,-316
17,27,55,97,0,0,2.633,55,NA,NA,NA,NA,NA,67,0.99614824450322,-261
17,28,45,77,0,0,1.6,45,59,0.4235121279025665,NA,NA,NA,59,0.4235121279025665,-216
17,29,-35,0,-95,1,4.933,0,NA,NA,4.382,3.6,206.264806247096,59,0.4235121279025665,-216
17,30,0,40,-40,0,3.618,0,60,0.4950916424776482,NA,NA,NA,60,0.4950916424776482,-216
18,1,0,40,-20,1,7.374,-20,66,0.5382446063886257,4.378,1.05,60.1605684887364,66,0.5382446063886257,-20
18,2,30,56,0,1,6.201,0,NA,NA,4.382,1.427,81.7610773651685,66,0.5382446063886257,-20
18,3,0,55,-19,1,1.737,55,70,0.6794235195397406,4.379,4.191,240.126611939328,70,0.6794235195397406,35
18,4,0,40,-8,1,2.869,40,NA,NA,4.379,3.689,211.364130623761,70,0.6794235195397406,75
18,5,35,72,0,0,4.355,35,NA,NA,NA,NA,NA,70,0.6794235195397406,110
18,6,-45,0,-93,1,15.052,0,83,1.138254987280864,4.383,4.945,283.327629692192,83,1.138254987280864,110
18,7,30,81,0,1,2.334,0,NA,NA,4.383,3.06,175.325085310032,83,1.138254987280864,110
18,8,45,77,0,1,3.385,0,NA,NA,4.385,1.804,103.361586241601,83,1.138254987280864,110
18,9,-55,0,-110,1,5.881,-110,18,-1.1559023514247535,4.384,1.678,96.1423180229521,18,-1.1559023514247535,0
18,10,-45,0,-77,1,3.564,-77,NA,NA,4.383,2.935,168.163112870897,18,-1.1559023514247535,-77
18,11,35,112,0,1,2.184,112,80,1.032370802417528,4.383,4.066,232.964639500193,80,1.032370802417528,35
18,12,55,149,0,1,3.37,149,NA,NA,4.381,3.563,204.144862405112,80,1.032370802417528,184
18,13,-30,0,-51,1,3.25,-51,NA,NA,4.383,1.804,103.361586241601,80,1.032370802417528,133
18,14,30,49,0,1,7.384,0,34,-0.5911866988202937,4.383,0.798,45.7220320514397,34,-0.5911866988202937,133
18,15,-55,0,-113,1,3.584,0,NA,NA,4.381,3.814,218.526103062896,34,-0.5911866988202937,133
18,16,-30,0,-55,1,3.534,-55,NA,NA,4.383,0.798,45.7220320514397,34,-0.5911866988202937,78
18,17,55,120,0,1,4.85,120,77,0.9264866175541917,4.381,3.689,211.364130623761,77,0.9264866175541917,198
18,18,0,75,-101,1,5.717,75,NA,NA,4.382,6.076,348.129156321488,77,0.9264866175541917,273
18,19,0,75,-38,1,5.403,75,NA,NA,4.382,5.825,333.747915663705,77,0.9264866175541917,348
18,20,30,62,0,1,1.95,62,81,1.0676655307053067,4.383,5.699,326.528647445056,81,1.0676655307053067,410
18,21,-35,0,-64,1,1.768,0,NA,NA,4.383,4.191,240.126611939328,81,1.0676655307053067,410
18,22,-45,0,-90,1,1.435,-90,34,-0.5911866988202937,4.382,0.798,45.7220320514397,34,-0.5911866988202937,320
18,23,0,40,-31,1,1.983,40,NA,NA,4.382,3.312,189.763621747329,34,-0.5911866988202937,360
18,24,35,95,0,1,3.468,95,NA,NA,4.383,3.312,189.763621747329,34,-0.5911866988202937,455
18,25,0,55,-49,1,1.801,-49,39,-0.41471305738140013,4.382,0.044,2.52101429857562,39,-0.41471305738140013,406
18,26,55,94,0,1,1.434,94,NA,NA,4.383,4.066,232.964639500193,39,-0.41471305738140013,500
18,27,-55,0,-97,1,7.585,0,NA,NA,4.381,5.197,297.766166129489,39,-0.41471305738140013,500
18,28,-55,0,-132,1,3.034,-132,23,-0.9794287099858598,4.383,2.306,132.124067557168,23,-0.9794287099858598,368
18,29,-35,0,-140,1,3.496,-140,NA,NA,4.382,0.296,16.9595507358724,23,-0.9794287099858598,228
18,30,0,75,-75,1,2.304,-75,4,-1.6500285474536558,4.378,0.17,9.740282517224,4,-1.6500285474536558,153
19,1,-30,0,-72,0,12.483,-30,85,0.9755418826199906,NA,NA,NA,85,0.9755418826199906,-30
19,2,-30,0,-65,1,10.133,-65,NA,NA,4.384,1.678,96.1423180229521,85,0.9755418826199906,-95
19,3,0,75,-101,0,13.066,0,50,-0.6568389568238181,NA,NA,NA,50,-0.6568389568238181,-95
19,4,55,132,0,0,2.966,55,NA,NA,NA,NA,NA,50,-0.6568389568238181,-40
19,5,35,95,0,0,1.3,35,NA,NA,NA,NA,NA,50,-0.6568389568238181,-5
19,6,0,75,-101,0,1.1,0,87,1.0688207877310654,NA,NA,NA,87,1.0688207877310654,-5
19,7,30,49,0,0,2.951,30,NA,NA,NA,NA,NA,87,1.0688207877310654,25
19,8,0,40,-36,0,13.635,0,NA,NA,NA,NA,NA,87,1.0688207877310654,25
19,9,45,90,0,1,6.134,90,100,1.6751336709530515,4.384,5.987,343.029831944824,100,1.6751336709530515,115
19,10,-55,0,-132,0,10.516,-55,NA,NA,NA,NA,NA,100,1.6751336709530515,60
19,11,-55,0,-107,0,6.516,-55,64,-0.0038866210462945618,NA,NA,NA,64,-0.0038866210462945618,5
19,12,0,75,-83,1,10.55,-83,NA,NA,4.383,1.552,88.9230498043038,64,-0.0038866210462945618,-78
19,13,0,75,-26,0,2.848,0,NA,NA,NA,NA,NA,64,-0.0038866210462945618,-78
19,14,-35,0,-76,0,6.567,-35,50,-0.6568389568238181,NA,NA,NA,50,-0.6568389568238181,-113
19,15,-30,0,-120,0,4.434,-30,NA,NA,NA,NA,NA,50,-0.6568389568238181,-143
19,16,30,56,0,0,3.117,30,NA,NA,NA,NA,NA,50,-0.6568389568238181,-113
19,17,0,40,-54,1,8.435,40,77,0.6024262621756915,4.382,4.443,254.565148376625,77,0.6024262621756915,-73
19,18,0,40,-31,1,9.6,-31,NA,NA,4.383,2.558,146.562603994465,77,0.6024262621756915,-104
19,19,35,72,0,0,4.5,35,NA,NA,NA,NA,NA,77,0.6024262621756915,-69
19,20,45,74,0,0,2.468,45,79,0.6957051672867663,NA,NA,NA,79,0.6957051672867663,-24
19,21,35,76,0,0,4.483,35,NA,NA,NA,NA,NA,79,0.6957051672867663,11
19,22,0,75,-83,1,5.7,-83,50,-0.6568389568238181,4.383,1.175,67.3225409278717,50,-0.6568389568238181,-72
19,23,30,68,0,0,1.716,30,NA,NA,NA,NA,NA,50,-0.6568389568238181,-42
19,24,-55,0,-176,1,4.951,0,NA,NA,4.382,3.94,225.745371281544,50,-0.6568389568238181,-42
19,25,55,110,0,0,4.834,55,51,-0.6101995042682806,NA,NA,NA,51,-0.6101995042682806,13
19,26,-55,0,-220,1,4.867,-220,NA,NA,4.383,1.05,60.1605684887364,51,-0.6101995042682806,-207
19,27,-55,0,-117,1,5.016,0,NA,NA,4.382,4.82,276.165657253057,51,-0.6101995042682806,-207
19,28,-55,0,-100,0,4.567,-55,26,-1.7761858181567154,NA,NA,NA,26,-1.7761858181567154,-262
19,29,-55,0,-90,0,4.501,-55,NA,NA,NA,NA,NA,26,-1.7761858181567154,-317
19,30,35,68,0,0,1.783,35,50,-0.6568389568238181,NA,NA,NA,50,-0.6568389568238181,-282
20,1,-30,0,-68,1,7.334,0,50,-1.0723805294763609,4.383,4.479,256.627796439096,50,-1.0723805294763609,0
20,2,-55,0,-149,1,2.118,0,NA,NA,4.382,3.725,213.426778686232,50,-1.0723805294763609,0
20,3,35,74,0,1,3.333,74,59,0.606128125356204,4.383,4.605,263.847064657744,59,0.606128125356204,74
20,4,35,70,0,1,2.768,70,NA,NA,4.382,4.228,242.246555781312,59,0.606128125356204,144
20,5,0,75,-75,1,3.8,-75,NA,NA,4.384,0.71,40.6800034542884,59,0.606128125356204,69
20,6,45,95,0,1,2.551,95,62,1.1656310103003922,4.383,5.359,307.048082410608,62,1.1656310103003922,164
20,7,55,117,0,1,5.467,0,NA,NA,4.382,1.087,62.2805123307205,62,1.1656310103003922,164
20,8,0,75,-38,1,5.518,-38,NA,NA,4.382,0.71,40.6800034542884,62,1.1656310103003922,126
20,9,55,103,0,1,4.234,103,60,0.7926290870042667,4.382,5.233,299.82881419196,60,0.7926290870042667,229
20,10,35,84,0,1,2.934,84,NA,NA,4.383,3.223,184.664297370664,60,0.7926290870042667,313
20,11,-55,0,-90,1,6.886,0,58,0.41962716370814124,4.381,5.359,307.048082410608,58,0.41962716370814124,313
20,12,-35,0,-62,1,2.617,-62,NA,NA,4.382,2.846,163.063788494232,58,0.41962716370814124,251
20,13,-55,0,-124,1,4.351,-124,NA,NA,4.382,1.804,103.361586241601,58,0.41962716370814124,127
20,14,0,55,-49,1,3,-49,50,-1.0723805294763609,4.382,0.333,19.0794945778564,50,-1.0723805294763609,78
20,15,-55,0,-94,1,1.984,-94,NA,NA,4.383,0.458,26.2414670169917,50,-1.0723805294763609,-16
20,16,0,75,-58,1,3.317,75,NA,NA,4.382,5.736,328.64859128704,50,-1.0723805294763609,59
20,17,0,40,-80,1,2.983,40,50,-1.0723805294763609,4.383,4.354,249.46582399996,50,-1.0723805294763609,99
20,18,0,75,-58,1,6.634,-58,NA,NA,4.383,2.092,119.862770741368,50,-1.0723805294763609,41
20,19,0,40,-20,1,2.817,-20,NA,NA,4.383,2.595,148.682547836449,50,-1.0723805294763609,21
20,20,55,220,0,1,2.801,220,64,1.5386329335965179,4.383,4.856,278.228305315528,64,1.5386329335965179,241
20,21,-35,0,-140,0,2.384,-35,NA,NA,NA,NA,NA,64,1.5386329335965179,206
20,22,45,74,0,1,2.001,74,58,0.41962716370814124,4.382,3.851,220.64604690488,58,0.41962716370814124,280
20,23,55,107,0,1,1.818,0,NA,NA,4.383,1.212,69.4424847698558,58,0.41962716370814124,280
20,24,30,62,0,1,1.702,62,NA,NA,4.382,4.856,278.228305315528,58,0.41962716370814124,342
20,25,0,75,-101,0,3.6,0,58,0.41962716370814124,NA,NA,NA,58,0.41962716370814124,342
20,26,30,120,0,1,1.884,120,NA,NA,4.383,4.102,235.027287562664,58,0.41962716370814124,462
20,27,-55,0,-176,0,4.384,-55,NA,NA,NA,NA,NA,58,0.41962716370814124,407
20,28,-35,0,-72,0,1.7,-35,50,-1.0723805294763609,NA,NA,NA,50,-1.0723805294763609,372
20,29,-30,0,-81,0,2.033,-30,NA,NA,NA,NA,NA,50,-1.0723805294763609,342
20,30,-55,0,-149,0,2.599,-55,50,-1.0723805294763609,NA,NA,NA,50,-1.0723805294763609,287
21,1,30,55,0,1,2.484,0,50,-1.0613264671302902,4.383,2.469,141.4632796178,50,-1.0613264671302902,0
21,2,-30,0,-68,1,4.75,-68,NA,NA,4.384,0.835,47.8419758934237,50,-1.0613264671302902,-68
21,3,-30,0,-53,0,3.784,-30,50,-1.0613264671302902,NA,NA,NA,50,-1.0613264671302902,-98
21,4,30,120,0,0,5.533,30,NA,NA,NA,NA,NA,50,-1.0613264671302902,-68
21,5,0,40,-14,0,9.6,0,NA,NA,NA,NA,NA,50,-1.0613264671302902,-68
21,6,-35,0,-76,0,4.351,-35,50,-1.0613264671302902,NA,NA,NA,50,-1.0613264671302902,-103
21,7,0,40,-54,1,4.701,40,NA,NA,4.383,5.862,335.867859505689,50,-1.0613264671302902,-63
21,8,-35,0,-95,0,3.783,-35,NA,NA,NA,NA,NA,50,-1.0613264671302902,-98
21,9,0,40,-80,0,5.517,0,50,-1.0613264671302902,NA,NA,NA,50,-1.0613264671302902,-98
21,10,0,55,-55,1,5.633,55,NA,NA,4.383,3.6,206.264806247096,50,-1.0613264671302902,-43
21,11,-55,0,-100,1,18.616,0,50,-1.0613264671302902,4.383,6.113,350.249100163472,50,-1.0613264671302902,-43
21,12,0,75,-67,0,3.501,0,NA,NA,NA,NA,NA,50,-1.0613264671302902,-43
21,13,-30,0,-65,0,7.367,-30,NA,NA,NA,NA,NA,50,-1.0613264671302902,-73
21,14,45,90,0,1,4.899,90,63,0.11290707097130746,4.383,4.191,240.126611939328,63,0.11290707097130746,17
21,15,45,95,0,0,18.467,45,NA,NA,NA,NA,NA,63,0.11290707097130746,62
21,16,45,77,0,0,3.967,45,NA,NA,NA,NA,NA,63,0.11290707097130746,107
21,17,45,85,0,0,3.532,45,80,1.648443236181089,NA,NA,NA,80,1.648443236181089,152
21,18,-30,0,-49,1,6.251,0,NA,NA,4.382,5.862,335.867859505689,80,1.648443236181089,152
21,19,30,65,0,0,5.051,30,NA,NA,NA,NA,NA,80,1.648443236181089,182
21,20,45,85,0,0,2.066,45,72,0.9258379819647212,NA,NA,NA,72,0.9258379819647212,227
21,21,-55,0,-113,1,9.617,0,NA,NA,4.383,4.82,276.165657253057,72,0.9258379819647212,227
21,22,0,75,-75,0,1.952,0,67,0.4742096980794913,NA,NA,NA,67,0.4742096980794913,227
21,23,-55,0,-124,0,9.35,-55,NA,NA,NA,NA,NA,67,0.4742096980794913,172
21,24,0,40,-26,0,1.285,0,NA,NA,NA,NA,NA,67,0.4742096980794913,172
21,25,35,140,0,0,1.768,35,69,0.6548610116335832,NA,NA,NA,69,0.6548610116335832,207
21,26,0,55,-74,0,1.2,0,NA,NA,NA,NA,NA,69,0.6548610116335832,207
21,27,-30,0,-62,0,4.467,-30,NA,NA,NA,NA,NA,69,0.6548610116335832,177
21,28,55,176,0,0,1.433,55,69,0.6548610116335832,NA,NA,NA,69,0.6548610116335832,232
21,29,-45,0,-144,0,6.35,-45,NA,NA,NA,NA,NA,69,0.6548610116335832,187
21,30,55,90,0,0,1.384,55,71,0.8355123251876753,NA,NA,NA,71,0.8355123251876753,242
22,1,0,40,-44,1,12.834,40,61,0.29142592139860796,4.383,4.191,240.126611939328,61,0.29142592139860796,40
22,2,45,122,0,1,3.783,122,NA,NA,4.383,3.814,218.526103062896,61,0.29142592139860796,162
22,3,30,68,0,1,3.55,68,75,1.0009846865430447,4.383,4.066,232.964639500193,75,1.0009846865430447,230
22,4,55,107,0,1,5.968,0,NA,NA,4.383,0.924,52.9413002700881,75,1.0009846865430447,230
22,5,-30,0,-72,1,1.618,0,NA,NA,4.383,3.437,196.925594186464,75,1.0009846865430447,230
22,6,-45,0,-93,1,4.085,0,68,0.6462053039708263,4.383,5.071,290.54689791084,68,0.6462053039708263,230
22,7,-30,0,-55,0,5.883,-30,NA,NA,NA,NA,NA,68,0.6462053039708263,200
22,8,0,40,-20,1,3.318,-20,NA,NA,4.383,1.05,60.1605684887364,68,0.6462053039708263,180
22,9,35,76,0,1,3.851,0,63,0.3927914592763846,4.383,1.804,103.361586241601,63,0.3927914592763846,180
22,10,45,102,0,1,5.101,0,NA,NA,4.383,1.05,60.1605684887364,63,0.3927914592763846,180
22,11,-30,0,-60,1,3.9,-60,19,-1.8372503740347021,4.383,2.558,146.562603994465,19,-1.8372503740347021,120
22,12,0,75,-15,1,6.135,75,NA,NA,4.382,4.191,240.126611939328,19,-1.8372503740347021,195
22,13,-45,0,-122,0,4.983,-45,NA,NA,NA,NA,NA,19,-1.8372503740347021,150
22,14,0,40,-20,1,3.701,-20,27,-1.4317882225235954,4.383,3.06,175.325085310032,27,-1.4317882225235954,130
22,15,-35,0,-60,1,4.751,-60,NA,NA,4.382,0.924,52.9413002700881,27,-1.4317882225235954,70
22,16,-55,0,-107,0,4.2,-55,NA,NA,NA,NA,NA,27,-1.4317882225235954,15
22,17,0,40,-80,1,2.935,40,62,0.34210869033749625,4.383,3.689,211.364130623761,62,0.34210869033749625,55
22,18,30,60,0,1,7.966,60,NA,NA,4.383,3.563,204.144862405112,62,0.34210869033749625,115
22,19,30,96,0,1,2.968,96,NA,NA,4.382,3.563,204.144862405112,62,0.34210869033749625,211
22,20,45,85,0,1,3.084,85,85,1.507812375931928,4.383,5.825,333.747915663705,85,1.507812375931928,296
22,21,-35,0,-64,0,3.734,-35,NA,NA,NA,NA,NA,85,1.507812375931928,261
22,22,-45,0,-180,0,3.817,-45,61,0.29142592139860796,NA,NA,NA,61,0.29142592139860796,216
22,23,35,95,0,1,2.633,95,NA,NA,4.384,4.443,254.565148376625,61,0.29142592139860796,311
22,24,-45,0,-85,1,4.333,-85,NA,NA,4.383,2.683,153.7245764336,61,0.29142592139860796,226
22,25,45,180,0,1,3.65,0,38,-0.8742777641958238,4.384,2.809,160.943844652248,38,-0.8742777641958238,226
22,26,0,75,-67,0,4.016,0,NA,NA,NA,NA,NA,38,-0.8742777641958238,226
22,27,0,55,-61,0,1.616,0,NA,NA,NA,NA,NA,38,-0.8742777641958238,226
22,28,-55,0,-176,0,6.734,-55,41,-0.7222294573791588,NA,NA,NA,41,-0.7222294573791588,171
22,29,35,62,0,1,2.701,0,NA,NA,4.383,0.421,24.1215231750077,41,-0.7222294573791588,171
22,30,0,40,-20,1,3.768,40,63,0.3927914592763846,4.382,4.317,247.345880157976,63,0.3927914592763846,211
23,1,55,117,0,1,4.134,0,50,0.3721889173040144,4.383,1.05,60.1605684887364,50,0.3721889173040144,0
23,2,-45,0,-93,0,2.968,-45,NA,NA,NA,NA,NA,50,0.3721889173040144,-45
23,3,-35,0,-64,0,2.467,-35,29,-0.2290393337255473,NA,NA,NA,29,-0.2290393337255473,-80
23,4,55,149,0,1,6.95,149,NA,NA,4.383,5.699,326.528647445056,29,-0.2290393337255473,69
23,5,0,55,-19,1,3,55,NA,NA,4.383,5.951,340.967183882353,29,-0.2290393337255473,124
23,6,-30,0,-72,0,2.116,-30,50,0.3721889173040144,NA,NA,NA,50,0.3721889173040144,94
23,7,0,55,-74,0,2.535,0,NA,NA,NA,NA,NA,50,0.3721889173040144,94
23,8,35,84,0,1,4.418,0,NA,NA,4.382,1.301,74.5418091465201,50,0.3721889173040144,94
23,9,35,79,0,1,2.568,79,71,0.973417168333576,4.383,5.574,319.366675005921,71,0.973417168333576,173
23,10,0,40,-44,0,3.601,0,NA,NA,NA,NA,NA,71,0.973417168333576,173
23,11,-45,0,-108,0,2.499,-45,50,0.3721889173040144,NA,NA,NA,50,0.3721889173040144,128
23,12,30,49,0,1,4.151,49,NA,NA,4.383,4.945,283.327629692192,50,0.3721889173040144,177
23,13,30,81,0,1,3.134,0,NA,NA,4.383,0.333,19.0794945778564,50,0.3721889173040144,177
23,14,35,84,0,1,2.334,84,100,1.803684753088685,4.383,5.108,292.666841752824,100,1.803684753088685,261
23,15,55,220,0,1,4.517,0,NA,NA,4.383,2.092,119.862770741368,100,1.803684753088685,261
23,16,55,110,0,1,2.835,110,NA,NA,4.382,4.856,278.228305315528,100,1.803684753088685,371
23,17,-45,0,-95,0,2.282,-45,0,-1.0593069184806563,NA,NA,NA,0,-1.0593069184806563,326
23,18,55,132,0,1,1.868,132,NA,NA,4.383,5.197,297.766166129489,0,-1.0593069184806563,458
23,19,0,40,-40,0,6.05,0,NA,NA,NA,NA,NA,0,-1.0593069184806563,458
23,20,35,76,0,1,3.15,0,0,-1.0593069184806563,4.383,1.338,76.6617529885041,0,-1.0593069184806563,458
23,21,-35,0,-70,1,12.085,-70,NA,NA,4.382,2.181,124.962095118033,0,-1.0593069184806563,388
23,22,-30,0,-64,1,3.984,-64,0,-1.0593069184806563,4.383,2.595,148.682547836449,0,-1.0593069184806563,324
23,23,0,40,-26,1,2.984,40,NA,NA,4.384,3.223,184.664297370664,0,-1.0593069184806563,364
23,24,-35,0,-66,1,3.801,0,NA,NA,4.382,5.359,307.048082410608,0,-1.0593069184806563,364
23,25,0,55,-74,1,2.583,55,79,1.2024565020591234,4.383,4.228,242.246555781312,79,1.2024565020591234,419
23,26,-35,0,-60,1,3.249,0,NA,NA,4.384,5.61,321.429323068392,79,1.2024565020591234,419
23,27,-35,0,-66,1,2.834,0,NA,NA,4.383,3.851,220.64604690488,79,1.2024565020591234,419
23,28,-45,0,-144,1,1.951,-144,0,-1.0593069184806563,4.383,1.966,112.64350252272,0,-1.0593069184806563,275
23,29,0,55,-61,1,1.784,-61,NA,NA,4.384,2.092,119.862770741368,0,-1.0593069184806563,214
23,30,0,55,-28,1,61.76,-28,15,-0.629858167745255,4.383,1.552,88.9230498043038,15,-0.629858167745255,186
24,1,35,66,0,1,3.718,0,50,-1.3266692978658818,4.382,2.343,134.244011399152,50,-1.3266692978658818,0
24,2,0,55,-19,1,3.368,55,NA,NA,4.382,5.233,299.82881419196,50,-1.3266692978658818,55
24,3,-30,0,-68,1,3.435,0,61,1.0398218821110974,4.383,4.82,276.165657253057,61,1.0398218821110974,55
24,4,45,93,0,0,6.418,45,NA,NA,NA,NA,NA,61,1.0398218821110974,100
24,5,-55,0,-97,1,4.451,-97,NA,NA,4.382,1.464,83.8810212071525,61,1.0398218821110974,3
24,6,0,75,-67,1,2.367,75,58,0.39441519666283037,4.383,4.317,247.345880157976,58,0.39441519666283037,78
24,7,35,74,0,0,4.333,35,NA,NA,NA,NA,NA,58,0.39441519666283037,113
24,8,35,72,0,0,2.518,35,NA,NA,NA,NA,NA,58,0.39441519666283037,148
24,9,0,75,-58,1,2.351,75,63,1.4700930057432755,4.383,3.312,189.763621747329,63,1.4700930057432755,223
24,10,0,40,-8,1,4.468,-8,NA,NA,4.383,2.595,148.682547836449,63,1.4700930057432755,215
24,11,35,76,0,0,1.951,35,60,0.8246863202950084,NA,NA,NA,60,0.8246863202950084,250
24,12,-30,0,-120,1,6.001,0,NA,NA,4.383,3.689,211.364130623761,60,0.8246863202950084,250
24,13,55,220,0,1,3.451,220,NA,NA,4.383,4.731,271.066332876392,60,0.8246863202950084,470
24,14,0,55,-28,1,6.251,-28,61,1.0398218821110974,4.382,0.458,26.2414670169917,61,1.0398218821110974,442
24,15,45,144,0,0,3.95,45,NA,NA,NA,NA,NA,61,1.0398218821110974,487
24,16,0,55,-61,1,3.867,-61,NA,NA,4.382,0.835,47.8419758934237,61,1.0398218821110974,426
24,17,45,102,0,0,3.018,45,57,0.17927963484674136,NA,NA,NA,57,0.17927963484674136,471
24,18,-35,0,-74,1,2.734,0,NA,NA,4.382,3.977,227.865315123528,57,0.17927963484674136,471
24,19,-55,0,-103,1,3.152,-103,NA,NA,4.382,2.72,155.844520275584,57,0.17927963484674136,368
24,20,-35,0,-62,1,2.901,-62,50,-1.3266692978658818,4.382,2.092,119.862770741368,50,-1.3266692978658818,306
24,21,0,55,-49,1,2.867,-49,NA,NA,4.382,1.087,62.2805123307205,50,-1.3266692978658818,257
24,22,-35,0,-64,1,2.1,0,55,-0.2509914887854367,4.382,3.851,220.64604690488,55,-0.2509914887854367,257
24,23,0,40,-54,0,3.733,0,NA,NA,NA,NA,NA,55,-0.2509914887854367,257
24,24,55,103,0,0,2.001,55,NA,NA,NA,NA,NA,55,-0.2509914887854367,312
24,25,-45,0,-74,1,2.534,-74,53,-0.6812626124176148,4.382,0.333,19.0794945778564,53,-0.6812626124176148,238
24,26,35,79,0,1,6.068,79,NA,NA,4.382,5.862,335.867859505689,53,-0.6812626124176148,317
24,27,55,103,0,0,1.767,55,NA,NA,NA,NA,NA,53,-0.6812626124176148,372
24,28,-30,0,-55,1,6.9,0,56,-0.03585592696934766,4.383,3.223,184.664297370664,56,-0.03585592696934766,372
24,29,-30,0,-58,1,9.701,0,NA,NA,4.383,3.474,199.045538028448,56,-0.03585592696934766,372
24,30,-35,0,-74,1,2.551,0,50,-1.3266692978658818,4.382,5.359,307.048082410608,50,-1.3266692978658818,372
25,1,-45,0,-74,0,7.651,-45,76,0.2390802236671402,NA,NA,NA,76,0.2390802236671402,-45
25,2,0,55,-42,0,28.034,0,NA,NA,NA,NA,NA,76,0.2390802236671402,-45
25,3,-45,0,-74,0,3.05,-45,69,-1.9923351972261685,NA,NA,NA,69,-1.9923351972261685,-90
25,4,0,55,-19,1,4.266,-19,NA,NA,4.384,2.935,168.163112870897,69,-1.9923351972261685,-109
25,5,0,75,-75,1,7.301,75,NA,NA,4.383,4.568,261.72712081576,69,-1.9923351972261685,-34
25,6,-35,0,-70,0,4.134,-35,73,-0.7172406710014206,NA,NA,NA,73,-0.7172406710014206,-69
25,7,35,60,0,0,3.267,35,NA,NA,NA,NA,NA,73,-0.7172406710014206,-34
25,8,55,220,0,1,20.102,0,NA,NA,4.383,0.924,52.9413002700881,73,-0.7172406710014206,-34
25,9,35,95,0,0,2.867,35,76,0.2390802236671402,NA,NA,NA,76,0.2390802236671402,1
25,10,0,75,-75,0,4.366,0,NA,NA,NA,NA,NA,76,0.2390802236671402,1
25,11,0,75,-26,1,14.102,75,82,2.151722013004262,4.384,4.982,285.447573534176,82,2.151722013004262,76
25,12,0,40,-54,0,2.75,0,NA,NA,NA,NA,NA,82,2.151722013004262,76
25,13,-45,0,-93,0,4.617,-45,NA,NA,NA,NA,NA,82,2.151722013004262,31
25,14,-55,0,-120,0,2.35,-55,76,0.2390802236671402,NA,NA,NA,76,0.2390802236671402,-24
25,15,-55,0,-220,0,2.718,-55,NA,NA,NA,NA,NA,76,0.2390802236671402,-79
25,16,-30,0,-96,0,2.068,-30,NA,NA,NA,NA,NA,76,0.2390802236671402,-109
25,17,55,100,0,0,6.751,55,73,-0.7172406710014206,NA,NA,NA,73,-0.7172406710014206,-54
25,18,-45,0,-85,1,10.233,-85,NA,NA,4.383,1.464,83.8810212071525,73,-0.7172406710014206,-139
25,19,30,72,0,0,1.717,30,NA,NA,NA,NA,NA,73,-0.7172406710014206,-109
25,20,0,75,-58,1,4.065,-58,73,-0.7172406710014206,4.383,1.338,76.6617529885041,73,-0.7172406710014206,-167
25,21,0,55,-19,1,4.701,-19,NA,NA,4.383,1.464,83.8810212071525,73,-0.7172406710014206,-186
25,22,35,66,0,0,1.249,35,76,0.2390802236671402,NA,NA,NA,76,0.2390802236671402,-151
25,23,55,149,0,0,1.734,55,NA,NA,NA,NA,NA,76,0.2390802236671402,-96
25,24,-30,0,-68,1,4.151,0,NA,NA,4.382,3.348,191.8262698098,76,0.2390802236671402,-96
25,25,35,64,0,0,1.283,35,77,0.5578538552233272,NA,NA,NA,77,0.5578538552233272,-61
25,26,55,113,0,0,1.35,55,NA,NA,NA,NA,NA,77,0.5578538552233272,-6
25,27,30,49,0,0,1.434,30,NA,NA,NA,NA,NA,77,0.5578538552233272,24
25,28,35,60,0,0,1.35,35,77,0.5578538552233272,NA,NA,NA,77,0.5578538552233272,59
25,29,-55,0,-97,1,3.285,-97,NA,NA,4.383,0.71,40.6800034542884,77,0.5578538552233272,-38
25,30,-30,0,-81,0,3.018,-30,75,-0.07969340788904673,NA,NA,NA,75,-0.07969340788904673,-68
26,1,45,102,0,1,4.468,102,75,1.5296428778468747,4.382,6.113,350.249100163472,75,1.5296428778468747,102
26,2,45,98,0,0,5.102,45,NA,NA,NA,NA,NA,75,1.5296428778468747,147
26,3,55,97,0,0,4.318,55,74,1.446959479044341,NA,NA,NA,74,1.446959479044341,202
26,4,-55,0,-149,1,7.282,-149,NA,NA,4.383,0.924,52.9413002700881,74,1.446959479044341,53
26,5,45,93,0,0,3.801,45,NA,NA,NA,NA,NA,74,1.446959479044341,98
26,6,-30,0,-58,0,5.918,-30,50,-0.5374420922164695,NA,NA,NA,50,-0.5374420922164695,68
26,7,0,40,-80,0,8.333,0,NA,NA,NA,NA,NA,50,-0.5374420922164695,68
26,8,45,74,0,1,9.3,74,NA,NA,4.384,4.856,278.228305315528,50,-0.5374420922164695,142
26,9,-30,0,-60,0,4.633,-30,50,-0.5374420922164695,NA,NA,NA,50,-0.5374420922164695,112
26,10,-30,0,-55,0,7.232,-30,NA,NA,NA,NA,NA,50,-0.5374420922164695,82
26,11,-55,0,-103,1,7.951,0,45,-0.9508590862291384,4.384,4.443,254.565148376625,45,-0.9508590862291384,82
26,12,0,75,-15,1,4.284,75,NA,NA,4.382,5.233,299.82881419196,45,-0.9508590862291384,157
26,13,0,55,-55,1,4.83,55,NA,NA,4.383,4.82,276.165657253057,45,-0.9508590862291384,212
26,14,0,55,-28,1,9.551,-28,58,0.12402509820380066,4.382,1.464,83.8810212071525,58,0.12402509820380066,184
26,15,0,55,-61,0,6.367,0,NA,NA,NA,NA,NA,58,0.12402509820380066,184
26,16,-35,0,-68,1,4.167,0,NA,NA,4.383,4.694,268.946389034408,58,0.12402509820380066,184
26,17,30,58,0,1,7.067,58,66,0.7854922886240708,4.382,4.479,256.627796439096,66,0.7854922886240708,242
26,18,0,75,-75,0,4.199,0,NA,NA,NA,NA,NA,66,0.7854922886240708,242
26,19,45,82,0,1,4.8,82,NA,NA,4.384,5.862,335.867859505689,66,0.7854922886240708,324
26,20,-35,0,-140,0,4.701,-35,58,0.12402509820380066,NA,NA,NA,58,0.12402509820380066,289
26,21,-30,0,-120,0,3.035,-30,NA,NA,NA,NA,NA,58,0.12402509820380066,259
26,22,0,40,-40,0,8.866,0,50,-0.5374420922164695,NA,NA,NA,50,-0.5374420922164695,259
26,23,-30,0,-68,1,5.434,-68,NA,NA,4.383,1.589,91.0429936462878,50,-0.5374420922164695,191
26,24,45,95,0,1,3.084,95,NA,NA,4.383,3.563,204.144862405112,50,-0.5374420922164695,286
26,25,-30,0,-72,1,8.933,0,69,1.0335424850316721,4.383,5.951,340.967183882353,69,1.0335424850316721,286
26,26,35,60,0,1,3.8,0,NA,NA,4.383,2.092,119.862770741368,69,1.0335424850316721,286
26,27,55,124,0,1,9.25,0,NA,NA,4.384,1.338,76.6617529885041,69,1.0335424850316721,286
26,28,45,79,0,0,2.55,45,42,-1.1989092826367398,NA,NA,NA,42,-1.1989092826367398,331
26,29,0,75,-58,0,6.467,0,NA,NA,NA,NA,NA,42,-1.1989092826367398,331
26,30,-35,0,-95,0,3.95,-35,41,-1.2815926814392735,NA,NA,NA,41,-1.2815926814392735,296
27,1,-45,0,-180,0,13.018,-45,50,-1.5811228200919343,NA,NA,NA,50,-1.5811228200919343,-45
27,2,-35,0,-76,0,17.651,-35,NA,NA,NA,NA,NA,50,-1.5811228200919343,-80
27,3,-55,0,-132,1,8.818,0,53,-1.3687331875422715,4.382,3.348,191.8262698098,53,-1.3687331875422715,-80
27,4,55,90,0,1,3.434,90,NA,NA,4.383,5.862,335.867859505689,53,-1.3687331875422715,10
27,5,-30,0,-56,1,4.568,-56,NA,NA,4.383,2.595,148.682547836449,53,-1.3687331875422715,-46
27,6,0,75,-101,1,4.834,75,86,0.96755277050402,4.383,3.977,227.865315123528,86,0.96755277050402,29
27,7,0,55,-61,1,5.202,55,NA,NA,4.382,3.6,206.264806247096,86,0.96755277050402,84
27,8,0,40,-36,1,4.001,40,NA,NA,4.383,3.474,199.045538028448,86,0.96755277050402,124
27,9,0,40,-54,1,2.134,40,94,1.5339251239697875,4.382,4.982,285.447573534176,94,1.5339251239697875,164
27,10,35,112,0,1,2.302,112,NA,NA,4.383,5.987,343.029831944824,94,1.5339251239697875,276
27,11,30,62,0,1,2.97,0,85,0.8967562263207991,4.381,3.097,177.445029152016,85,0.8967562263207991,276
27,12,0,40,-80,1,3.216,-80,NA,NA,4.383,0.71,40.6800034542884,85,0.8967562263207991,196
27,13,35,70,0,1,1.9,70,NA,NA,4.384,3.851,220.64604690488,85,0.8967562263207991,266
27,14,0,75,-26,1,1.917,-26,75,0.18879078448858955,4.384,0.081,4.64095814055967,75,0.18879078448858955,240
27,15,35,64,0,1,4.434,0,NA,NA,4.383,1.841,105.481530083585,75,0.18879078448858955,240
27,16,55,90,0,1,3.152,90,NA,NA,4.383,3.977,227.865315123528,75,0.18879078448858955,330
27,17,-45,0,-90,1,2.101,0,75,0.18879078448858955,4.383,5.736,328.64859128704,75,0.18879078448858955,330
27,18,-45,0,-122,1,3.318,-122,NA,NA,4.382,1.087,62.2805123307205,75,0.18879078448858955,208
27,19,55,103,0,1,2.1,103,NA,NA,4.384,4.856,278.228305315528,75,0.18879078448858955,311
27,20,45,93,0,1,2.367,93,84,0.8259596821375781,4.384,3.725,213.426778686232,84,0.8259596821375781,404
27,21,-55,0,-132,1,6.701,0,NA,NA,4.382,4.228,242.246555781312,84,0.8259596821375781,404
27,22,0,40,-8,1,1.884,-8,61,-0.8023608340765038,4.383,0.207,11.860226359208,61,-0.8023608340765038,396
27,23,45,180,0,1,2.601,180,NA,NA,4.384,5.61,321.429323068392,61,-0.8023608340765038,576
27,24,55,176,0,1,2.1,176,NA,NA,4.386,5.108,292.666841752824,61,-0.8023608340765038,752
27,25,-55,0,-90,1,4.001,-90,65,-0.51917465734362,4.383,0.961,55.0612441120721,65,-0.51917465734362,662
27,26,-45,0,-122,1,2.667,-122,NA,NA,4.383,2.469,141.4632796178,65,-0.51917465734362,540
27,27,-35,0,-140,1,3.018,0,NA,NA,4.382,4.479,256.627796439096,65,-0.51917465734362,540
27,28,0,75,-15,1,2.567,75,79,0.47197696122147337,4.382,3.977,227.865315123528,79,0.47197696122147337,615
27,29,35,95,0,1,2.634,95,NA,NA,4.383,4.856,278.228305315528,79,0.47197696122147337,710
27,30,-35,0,-140,1,5.784,-140,61,-0.8023608340765038,4.384,2.72,155.844520275584,61,-0.8023608340765038,570
28,1,-45,0,-122,1,5.835,-122,40,-1.053828667403753,4.383,1.464,83.8810212071525,40,-1.053828667403753,-122
28,2,35,70,0,0,4.366,35,NA,NA,NA,NA,NA,40,-1.053828667403753,-87
28,3,-35,0,-84,1,3.648,0,39,-1.1975325765951739,4.384,4.982,285.447573534176,39,-1.1975325765951739,-87
28,4,0,40,-8,0,6.419,0,NA,NA,NA,NA,NA,39,-1.1975325765951739,-87
28,5,0,55,-19,1,3.219,55,NA,NA,4.381,3.977,227.865315123528,39,-1.1975325765951739,-32
28,6,-35,0,-74,1,4.2,-74,39,-1.1975325765951739,4.381,2.092,119.862770741368,39,-1.1975325765951739,-106
28,7,-35,0,-66,1,3.165,-66,NA,NA,4.384,2.343,134.244011399152,39,-1.1975325765951739,-172
28,8,35,79,0,0,4.385,35,NA,NA,NA,NA,NA,39,-1.1975325765951739,-137
28,9,0,55,-110,0,4.401,0,50,0.38321042451045517,NA,NA,NA,50,0.38321042451045517,-137
28,10,35,84,0,0,2.619,35,NA,NA,NA,NA,NA,50,0.38321042451045517,-102
28,11,-45,0,-108,0,4.464,-45,50,0.38321042451045517,NA,NA,NA,50,0.38321042451045517,-147
28,12,55,220,0,0,6.583,55,NA,NA,NA,NA,NA,50,0.38321042451045517,-92
28,13,-55,0,-220,0,6.501,-55,NA,NA,NA,NA,NA,50,0.38321042451045517,-147
28,14,-45,0,-93,0,8.584,-45,37,-1.4849403949780156,NA,NA,NA,37,-1.4849403949780156,-192
28,15,0,55,-110,1,4.021,55,NA,NA,4.38,4.102,235.027287562664,37,-1.4849403949780156,-137
28,16,0,55,-19,1,2.967,-19,NA,NA,4.383,0.584,33.4607352356401,37,-1.4849403949780156,-156
28,17,-55,0,-113,1,6.117,0,49,0.23950651531903436,4.382,5.108,292.666841752824,49,0.23950651531903436,-156
28,18,0,55,-61,0,4.42,0,NA,NA,NA,NA,NA,49,0.23950651531903436,-156
28,19,0,55,-110,0,4.452,0,NA,NA,NA,NA,NA,49,0.23950651531903436,-156
28,20,30,64,0,0,2.5,30,50,0.38321042451045517,NA,NA,NA,50,0.38321042451045517,-126
28,21,30,68,0,0,4.583,30,NA,NA,NA,NA,NA,50,0.38321042451045517,-96
28,22,45,74,0,0,2.651,45,59,1.6765456072332425,NA,NA,NA,59,1.6765456072332425,-51
28,23,55,100,0,0,2.515,55,NA,NA,NA,NA,NA,59,1.6765456072332425,4
28,24,35,70,0,0,2.599,35,NA,NA,NA,NA,NA,59,1.6765456072332425,39
28,25,45,85,0,0,2.7,45,50,0.38321042451045517,NA,NA,NA,50,0.38321042451045517,84
28,26,-35,0,-64,1,7.852,0,NA,NA,4.382,3.223,184.664297370664,50,0.38321042451045517,84
28,27,-30,0,-120,0,4.634,-30,NA,NA,NA,NA,NA,50,0.38321042451045517,54
28,28,-55,0,-90,1,5.635,0,50,0.38321042451045517,4.381,4.354,249.46582399996,50,0.38321042451045517,54
28,29,0,40,-26,1,3.772,-26,NA,NA,4.378,2.595,148.682547836449,50,0.38321042451045517,28
28,30,45,82,0,0,2.618,45,55,1.1017299704675592,NA,NA,NA,55,1.1017299704675592,73
29,1,0,40,-20,0,26.417,0,50,0.014701836320577052,NA,NA,NA,50,0.014701836320577052,0
29,2,30,55,0,1,13.151,0,NA,NA,4.382,0.71,40.6800034542884,50,0.014701836320577052,0
29,3,0,40,-8,1,12.633,-8,42,-0.6909863070671315,4.384,0.044,2.52101429857562,42,-0.6909863070671315,-8
29,4,-45,0,-98,1,14.917,0,NA,NA,4.383,3.437,196.925594186464,42,-0.6909863070671315,-8
29,5,55,132,0,0,4.084,55,NA,NA,NA,NA,NA,42,-0.6909863070671315,47
29,6,-30,0,-49,1,7.8,0,57,0.632178961784822,4.384,4.191,240.126611939328,57,0.632178961784822,47
29,7,0,75,-75,1,8.983,75,NA,NA,4.383,5.574,319.366675005921,57,0.632178961784822,122
29,8,-35,0,-72,0,3.25,-35,NA,NA,NA,NA,NA,57,0.632178961784822,87
29,9,-35,0,-95,1,7.266,-95,41,-0.7791973249905951,4.383,2.683,153.7245764336,41,-0.7791973249905951,-8
29,10,30,72,0,1,10.635,72,NA,NA,4.382,3.312,189.763621747329,41,-0.7791973249905951,64
29,11,-35,0,-57,1,8.301,-57,42,-0.6909863070671315,4.383,0.296,16.9595507358724,42,-0.6909863070671315,7
29,12,35,57,0,0,2.883,35,NA,NA,NA,NA,NA,42,-0.6909863070671315,42
29,13,-55,0,-97,1,7.817,0,NA,NA,4.383,3.186,182.54435352868,42,-0.6909863070671315,42
29,14,-35,0,-70,1,3.384,-70,37,-1.1320413966844494,4.382,3.06,175.325085310032,37,-1.1320413966844494,-28
29,15,0,75,-75,1,5.549,75,NA,NA,4.383,5.825,333.747915663705,37,-1.1320413966844494,47
29,16,55,132,0,1,5.067,132,NA,NA,4.383,5.699,326.528647445056,37,-1.1320413966844494,179
29,17,45,82,0,0,2.049,45,67,1.5142891410194577,NA,NA,NA,67,1.5142891410194577,224
29,18,35,60,0,0,1.717,35,NA,NA,NA,NA,NA,67,1.5142891410194577,259
29,19,0,55,-110,0,1.816,0,NA,NA,NA,NA,NA,67,1.5142891410194577,259
29,20,-30,0,-81,0,5.019,-30,63,1.1614450693256035,NA,NA,NA,63,1.1614450693256035,229
29,21,0,40,-20,1,5.415,-20,NA,NA,4.384,1.301,74.5418091465201,63,1.1614450693256035,209
29,22,-45,0,-74,1,2.284,-74,37,-1.1320413966844494,4.383,3.06,175.325085310032,37,-1.1320413966844494,135
29,23,45,102,0,1,3.433,102,NA,NA,4.383,5.071,290.54689791084,37,-1.1320413966844494,237
29,24,-30,0,-62,0,3.616,-30,NA,NA,NA,NA,NA,37,-1.1320413966844494,207
29,25,45,74,0,0,1.55,45,68,1.6025001589429213,NA,NA,NA,68,1.6025001589429213,252
29,26,0,75,-150,0,1.768,0,NA,NA,NA,NA,NA,68,1.6025001589429213,252
29,27,30,60,0,0,1.201,30,NA,NA,NA,NA,NA,68,1.6025001589429213,282
29,28,-45,0,-180,0,3.534,-45,50,0.014701836320577052,NA,NA,NA,50,0.014701836320577052,237
29,29,0,55,-42,1,5.084,-42,NA,NA,4.383,2.306,132.124067557168,50,0.014701836320577052,195
29,30,35,140,0,1,2.468,0,44,-0.5145642712202044,4.382,2.683,153.7245764336,44,-0.5145642712202044,195
30,1,0,75,-38,1,5.817,-38,100,0.4260669031984214,4.382,0.458,26.2414670169917,100,0.4260669031984214,-38
30,2,30,62,0,1,4.801,0,NA,NA,4.383,0.924,52.9413002700881,100,0.4260669031984214,-38
30,3,0,40,-31,1,1.483,-31,100,0.4260669031984214,4.383,0.044,2.52101429857562,100,0.4260669031984214,-69
30,4,0,75,-83,1,1.55,75,NA,NA,4.383,3.563,204.144862405112,100,0.4260669031984214,6
30,5,0,55,-19,1,2.301,-19,NA,NA,4.384,2.558,146.562603994465,100,0.4260669031984214,-13
30,6,-30,0,-81,1,2.767,-81,100,0.4260669031984214,4.384,1.301,74.5418091465201,100,0.4260669031984214,-94
30,7,0,40,-31,1,2.035,-31,NA,NA,4.383,2.809,160.943844652248,100,0.4260669031984214,-125
30,8,30,120,0,1,4.95,0,NA,NA,4.384,0.458,26.2414670169917,100,0.4260669031984214,-125
30,9,-35,0,-60,0,3.001,-35,100,0.4260669031984214,NA,NA,NA,100,0.4260669031984214,-160
30,10,35,79,0,1,1.967,0,NA,NA,4.383,2.72,155.844520275584,100,0.4260669031984214,-160
30,11,-35,0,-62,1,3.201,-62,100,0.4260669031984214,4.382,2.092,119.862770741368,100,0.4260669031984214,-222
30,12,30,96,0,1,1.884,96,NA,NA,4.383,5.485,314.267350629257,100,0.4260669031984214,-126
30,13,-30,0,-81,0,2.917,-30,NA,NA,NA,NA,NA,100,0.4260669031984214,-156
30,14,45,98,0,1,4.301,0,100,0.4260669031984214,4.383,0.458,26.2414670169917,100,0.4260669031984214,-156
30,15,-30,0,-72,1,1.684,-72,NA,NA,4.383,2.846,163.063788494232,100,0.4260669031984214,-228
30,16,-55,0,-94,0,1.967,-55,NA,NA,NA,NA,NA,100,0.4260669031984214,-283
30,17,30,51,0,1,1.95,0,100,0.4260669031984214,4.383,0.71,40.6800034542884,100,0.4260669031984214,-283
30,18,-55,0,-100,1,4.084,0,NA,NA,4.385,5.071,290.54689791084,100,0.4260669031984214,-283
30,19,-45,0,-108,1,4.75,-108,NA,NA,4.383,2.306,132.124067557168,100,0.4260669031984214,-391
30,20,-30,0,-64,1,2.036,-64,94,-2.362734645009413,4.381,2.092,119.862770741368,94,-2.362734645009413,-455
30,21,-45,0,-144,1,2.634,0,NA,NA,4.384,6.113,350.249100163472,94,-2.362734645009413,-455
30,22,0,75,-48,1,2.167,-48,95,-1.897934386974774,4.384,0.458,26.2414670169917,95,-1.897934386974774,-503
30,23,-35,0,-57,1,1.984,0,NA,NA,4.382,4.479,256.627796439096,95,-1.897934386974774,-503
30,24,35,95,0,1,1.767,95,NA,NA,4.384,4.982,285.447573534176,95,-1.897934386974774,-408
30,25,0,55,-49,0,4.449,0,100,0.4260669031984214,NA,NA,NA,100,0.4260669031984214,-408
30,26,55,113,0,1,2.018,0,NA,NA,4.382,1.841,105.481530083585,100,0.4260669031984214,-408
30,27,45,95,0,1,1.534,0,NA,NA,4.383,0.584,33.4607352356401,100,0.4260669031984214,-408
30,28,35,95,0,1,1.901,95,100,0.4260669031984214,4.383,3.851,220.64604690488,100,0.4260669031984214,-313
30,29,0,55,-110,1,1.366,-110,NA,NA,4.383,0.961,55.0612441120721,100,0.4260669031984214,-423
30,30,35,76,0,1,1.217,0,100,0.4260669031984214,4.383,1.715,98.2622618649362,100,0.4260669031984214,-423
31,1,55,124,0,1,11.034,124,77,2.073446112258951,4.383,3.814,218.526103062896,77,2.073446112258951,124
31,2,0,75,-58,1,5.75,75,NA,NA,4.382,4.191,240.126611939328,77,2.073446112258951,199
31,3,-45,0,-102,0,10.518,-45,50,-0.38734707591650736,NA,NA,NA,50,-0.38734707591650736,154
31,4,55,103,0,1,1.633,0,NA,NA,4.383,0.673,38.5600596123044,50,-0.38734707591650736,154
31,5,35,112,0,1,5.569,112,NA,NA,4.381,5.699,326.528647445056,50,-0.38734707591650736,266
31,6,35,84,0,1,4.15,0,67,1.162041227749522,4.382,1.301,74.5418091465201,67,1.162041227749522,266
31,7,-45,0,-87,1,14.8,-87,NA,NA,4.383,1.552,88.9230498043038,67,1.162041227749522,179
31,8,-55,0,-149,0,4.716,-55,NA,NA,NA,NA,NA,67,1.162041227749522,124
31,9,0,75,-83,0,3.451,0,50,-0.38734707591650736,NA,NA,NA,50,-0.38734707591650736,124
31,10,-35,0,-62,1,6.068,0,NA,NA,4.382,4.443,254.565148376625,50,-0.38734707591650736,124
31,11,35,74,0,1,2.069,74,67,1.162041227749522,4.382,3.312,189.763621747329,67,1.162041227749522,198
31,12,45,85,0,1,2.417,0,NA,NA,4.383,1.715,98.2622618649362,67,1.162041227749522,198
31,13,55,103,0,1,3.418,103,NA,NA,4.383,5.825,333.747915663705,67,1.162041227749522,301
31,14,-55,0,-124,1,12.384,0,50,-0.38734707591650736,4.383,5.233,299.82881419196,50,-0.38734707591650736,301
31,15,0,40,-54,0,4.283,0,NA,NA,NA,NA,NA,50,-0.38734707591650736,301
31,16,-30,0,-72,1,4.386,-72,NA,NA,4.381,1.966,112.64350252272,50,-0.38734707591650736,229
31,17,0,40,-36,0,2.483,0,39,-1.3898924488768793,NA,NA,NA,39,-1.3898924488768793,229
31,18,0,55,-11,1,4.467,-11,NA,NA,4.382,2.846,163.063788494232,39,-1.3898924488768793,218
31,19,-35,0,-60,1,5.883,-60,NA,NA,4.383,0.71,40.6800034542884,39,-1.3898924488768793,158
31,20,35,76,0,0,2.134,35,50,-0.38734707591650736,NA,NA,NA,50,-0.38734707591650736,193
31,21,0,55,-35,0,2.883,0,NA,NA,NA,NA,NA,50,-0.38734707591650736,193
31,22,-35,0,-79,0,9.55,-35,43,-1.0253304950731077,NA,NA,NA,43,-1.0253304950731077,158
31,23,55,124,0,1,1.818,0,NA,NA,4.382,2.092,119.862770741368,43,-1.0253304950731077,158
31,24,0,75,-26,1,6.483,75,NA,NA,4.383,3.223,184.664297370664,43,-1.0253304950731077,233
31,25,0,75,-15,1,3.334,75,58,0.3417768316910359,4.382,3.725,213.426778686232,58,0.3417768316910359,308
31,26,-30,0,-120,0,6.735,-30,NA,NA,NA,NA,NA,58,0.3417768316910359,278
31,27,35,68,0,0,5.932,35,NA,NA,NA,NA,NA,58,0.3417768316910359,313
31,28,-30,0,-53,1,6.701,0,50,-0.38734707591650736,4.383,4.354,249.46582399996,50,-0.38734707591650736,313
31,29,35,57,0,0,2.149,35,NA,NA,NA,NA,NA,50,-0.38734707591650736,348
31,30,-30,0,-56,0,6.533,-30,50,-0.38734707591650736,NA,NA,NA,50,-0.38734707591650736,318
32,1,-45,0,-90,1,9.051,-90,0,-3.131224248831668,4.383,2.306,132.124067557168,0,-3.131224248831668,-90
32,2,0,40,-40,1,5.953,40,NA,NA,4.381,4.443,254.565148376625,0,-3.131224248831668,-50
32,3,35,70,0,1,4.167,70,52,0.15814263882988222,4.384,5.825,333.747915663705,52,0.15814263882988222,20
32,4,-30,0,-62,1,4.863,-62,NA,NA,4.383,3.06,175.325085310032,52,0.15814263882988222,-42
32,5,0,75,-101,1,4.768,-101,NA,NA,4.382,1.175,67.3225409278717,52,0.15814263882988222,-143
32,6,55,90,0,0,3.051,55,50,0.031628527765976445,NA,NA,NA,50,0.031628527765976445,-88
32,7,35,68,0,1,4.499,68,NA,NA,4.383,3.312,189.763621747329,50,0.031628527765976445,-20
32,8,0,75,-83,1,4.621,75,NA,NA,4.379,4.568,261.72712081576,50,0.031628527765976445,55
32,9,-55,0,-124,0,9.185,-55,50,0.031628527765976445,NA,NA,NA,50,0.031628527765976445,0
32,10,35,84,0,0,5.784,35,NA,NA,NA,NA,NA,50,0.031628527765976445,35
32,11,0,75,-38,1,6.9,75,53,0.22139969436183513,4.383,5.197,297.766166129489,53,0.22139969436183513,110
32,12,35,84,0,0,5.151,35,NA,NA,NA,NA,NA,53,0.22139969436183513,145
32,13,0,40,-54,1,3.884,40,NA,NA,4.383,4.191,240.126611939328,53,0.22139969436183513,185
32,14,45,98,0,0,3.249,45,56,0.4111708609576938,NA,NA,NA,56,0.4111708609576938,230
32,15,-45,0,-108,0,7.284,-45,NA,NA,NA,NA,NA,56,0.4111708609576938,185
32,16,55,90,0,0,1.853,55,NA,NA,NA,NA,NA,56,0.4111708609576938,240
32,17,0,75,-15,1,5.267,75,59,0.6009420275535524,4.382,4.191,240.126611939328,59,0.6009420275535524,315
32,18,-35,0,-62,0,5.72,-35,NA,NA,NA,NA,NA,59,0.6009420275535524,280
32,19,-55,0,-149,0,2.596,-55,NA,NA,NA,NA,NA,59,0.6009420275535524,225
32,20,-45,0,-180,0,3.086,-45,56,0.4111708609576938,NA,NA,NA,56,0.4111708609576938,180
32,21,0,75,-75,0,4.665,0,NA,NA,NA,NA,NA,56,0.4111708609576938,180
32,22,-30,0,-58,1,6.834,0,55,0.3479138054257409,4.382,4.443,254.565148376625,55,0.3479138054257409,180
32,23,0,55,-28,1,6.954,55,NA,NA,4.379,3.94,225.745371281544,55,0.3479138054257409,235
32,24,-55,0,-97,0,3.38,-55,NA,NA,NA,NA,NA,55,0.3479138054257409,180
32,25,55,220,0,0,16.584,55,56,0.4111708609576938,NA,NA,NA,56,0.4111708609576938,235
32,26,55,100,0,0,2.4,55,NA,NA,NA,NA,NA,56,0.4111708609576938,290
32,27,-35,0,-112,0,2.434,-35,NA,NA,NA,NA,NA,56,0.4111708609576938,255
32,28,-35,0,-57,0,2.085,-35,53,0.22139969436183513,NA,NA,NA,53,0.22139969436183513,220
32,29,55,124,0,0,2.335,55,NA,NA,NA,NA,NA,53,0.22139969436183513,275
32,30,45,108,0,0,2.683,45,54,0.28465674989378803,NA,NA,NA,54,0.28465674989378803,320
33,1,55,120,0,0,8.566,55,71,-0.6739525720941966,NA,NA,NA,71,-0.6739525720941966,55
33,2,55,103,0,0,5.233,55,NA,NA,NA,NA,NA,71,-0.6739525720941966,110
33,3,0,75,-150,1,7.02,-150,54,-1.7076843368101076,4.38,1.427,81.7610773651685,54,-1.7076843368101076,-40
33,4,30,68,0,0,7.45,30,NA,NA,NA,NA,NA,54,-1.7076843368101076,-10
33,5,0,40,-44,1,2.932,40,NA,NA,4.383,6.202,355.348424540137,54,-1.7076843368101076,30
33,6,35,62,0,0,4.15,35,71,-0.6739525720941966,NA,NA,NA,71,-0.6739525720941966,65
33,7,55,124,0,1,7.302,124,NA,NA,4.382,3.186,182.54435352868,71,-0.6739525720941966,189
33,8,35,62,0,0,1.951,35,NA,NA,NA,NA,NA,71,-0.6739525720941966,224
33,9,0,40,-14,1,2.999,40,100,1.0894722030094164,4.384,5.825,333.747915663705,100,1.0894722030094164,264
33,10,-55,0,-90,1,7.1,0,NA,NA,4.383,3.689,211.364130623761,100,1.0894722030094164,264
33,11,0,75,-26,1,16.719,75,100,1.0894722030094164,4.381,4.191,240.126611939328,100,1.0894722030094164,339
33,12,-55,0,-107,0,8.401,-55,NA,NA,NA,NA,NA,100,1.0894722030094164,284
33,13,55,113,0,0,3.95,55,NA,NA,NA,NA,NA,100,1.0894722030094164,339
33,14,-30,0,-62,1,7.368,0,100,1.0894722030094164,4.382,4.82,276.165657253057,100,1.0894722030094164,339
33,15,-35,0,-72,0,6.433,-35,NA,NA,NA,NA,NA,100,1.0894722030094164,304
33,16,-55,0,-132,1,5.934,0,NA,NA,4.383,5.071,290.54689791084,100,1.0894722030094164,304
33,17,0,75,-150,0,22.364,0,100,1.0894722030094164,NA,NA,NA,100,1.0894722030094164,304
33,18,30,56,0,0,3.617,30,NA,NA,NA,NA,NA,100,1.0894722030094164,334
33,19,-30,0,-55,1,3.435,-55,NA,NA,4.384,0.17,9.740282517224,100,1.0894722030094164,279
33,20,-45,0,-95,1,11.518,-95,69,-0.7955680738254802,4.384,1.804,103.361586241601,69,-0.7955680738254802,184
33,21,0,75,-26,1,5.601,75,NA,NA,4.383,3.186,182.54435352868,69,-0.7955680738254802,259
33,22,-35,0,-95,1,9.352,0,77,-0.30910606690034564,4.382,4.945,283.327629692192,77,-0.30910606690034564,259
33,23,-45,0,-144,0,6.201,-45,NA,NA,NA,NA,NA,77,-0.30910606690034564,214
33,24,-45,0,-122,0,6.285,-45,NA,NA,NA,NA,NA,77,-0.30910606690034564,169
33,25,45,122,0,1,9.2,0,65,-1.0387990772880475,4.383,0.421,24.1215231750077,65,-1.0387990772880475,169
33,26,45,108,0,1,5.401,0,NA,NA,4.383,2.181,124.962095118033,65,-1.0387990772880475,169
33,27,0,75,-48,1,4.201,75,NA,NA,4.382,3.186,182.54435352868,65,-1.0387990772880475,244
33,28,0,75,-83,1,13.916,75,83,0.05574043829350529,4.383,3.563,204.144862405112,83,0.05574043829350529,319
33,29,55,149,0,1,5.801,149,NA,NA,4.382,3.312,189.763621747329,83,0.05574043829350529,468
33,30,-35,0,-64,0,3.933,-35,95,0.7854334486812072,NA,NA,NA,95,0.7854334486812072,433
34,1,-30,0,-62,0,22.466,-30,70,1.2426784682217082,NA,NA,NA,70,1.2426784682217082,-30
34,2,35,70,0,0,9.768,35,NA,NA,NA,NA,NA,70,1.2426784682217082,5
34,3,0,40,-44,0,24.367,0,64,0.8847870693738563,NA,NA,NA,64,0.8847870693738563,5
34,4,45,144,0,0,2.501,45,NA,NA,NA,NA,NA,64,0.8847870693738563,50
34,5,-35,0,-79,1,14.169,0,NA,NA,4.384,6.113,350.249100163472,64,0.8847870693738563,50
34,6,35,112,0,1,5.689,0,64,0.8847870693738563,4.378,1.589,91.0429936462878,64,0.8847870693738563,50
34,7,55,94,0,1,8.984,0,NA,NA,4.383,2.218,127.082038960017,64,0.8847870693738563,50
34,8,0,55,-110,1,3.698,55,NA,NA,4.384,3.851,220.64604690488,64,0.8847870693738563,105
34,9,-45,0,-144,1,6.502,-144,37,-0.7257242254414774,4.383,2.469,141.4632796178,37,-0.7257242254414774,-39
34,10,0,75,-150,0,6.2,0,NA,NA,NA,NA,NA,37,-0.7257242254414774,-39
34,11,0,40,-44,1,3.606,40,58,0.5268956705260044,4.377,5.61,321.429323068392,58,0.5268956705260044,1
34,12,45,90,0,0,6.181,45,NA,NA,NA,NA,NA,58,0.5268956705260044,46
34,13,0,75,-38,0,4.552,0,NA,NA,NA,NA,NA,58,0.5268956705260044,46
34,14,-35,0,-68,1,4.201,0,67,1.0637327687977822,4.383,5.233,299.82881419196,67,1.0637327687977822,46
34,15,35,72,0,1,5.335,0,NA,NA,4.382,2.092,119.862770741368,67,1.0637327687977822,46
34,16,0,75,-150,0,2.423,0,NA,NA,NA,NA,NA,67,1.0637327687977822,46
34,17,35,64,0,1,3.372,0,41,-0.48712995954290944,4.378,2.595,148.682547836449,41,-0.48712995954290944,46
34,18,-45,0,-77,0,6.839,-45,NA,NA,NA,NA,NA,41,-0.48712995954290944,1
34,19,-45,0,-180,0,2.65,-45,NA,NA,NA,NA,NA,41,-0.48712995954290944,-44
34,20,-55,0,-132,0,1.921,-55,30,-1.1432641907639713,NA,NA,NA,30,-1.1432641907639713,-99
34,21,-30,0,-53,1,2.386,0,NA,NA,4.38,5.987,343.029831944824,30,-1.1432641907639713,-99
34,22,0,75,-150,0,2.472,0,38,-0.6660756589668354,NA,NA,NA,38,-0.6660756589668354,-99
34,23,35,64,0,1,2.915,64,NA,NA,4.382,5.359,307.048082410608,38,-0.6660756589668354,-35
34,24,-30,0,-49,1,2.933,-49,NA,NA,4.382,1.715,98.2622618649362,38,-0.6660756589668354,-84
34,25,0,55,-55,1,3.051,-55,33,-0.9643184913400453,4.383,1.589,91.0429936462878,33,-0.9643184913400453,-139
34,26,-35,0,-79,1,2.832,0,NA,NA,4.383,6.202,355.348424540137,33,-0.9643184913400453,-139
34,27,30,72,0,1,2.186,72,NA,NA,4.383,5.61,321.429323068392,33,-0.9643184913400453,-67
34,28,-55,0,-103,1,5.686,-103,24,-1.5011555896118232,4.382,0.71,40.6800034542884,24,-1.5011555896118232,-170
34,29,35,74,0,0,2.82,35,NA,NA,NA,NA,NA,24,-1.5011555896118232,-135
34,30,45,82,0,0,1.751,45,64,0.8847870693738563,NA,NA,NA,64,0.8847870693738563,-90
35,1,45,95,0,0,9.316,45,70,0.44622248871271675,NA,NA,NA,70,0.44622248871271675,45
35,2,45,180,0,1,7.351,0,NA,NA,4.382,2.972,170.283056712881,70,0.44622248871271675,45
35,3,0,40,-8,1,3.384,-8,64,0.059137920190841846,4.382,1.087,62.2805123307205,64,0.059137920190841846,37
35,4,-45,0,-144,0,2.734,-45,NA,NA,NA,NA,NA,64,0.059137920190841846,-8
35,5,35,66,0,1,3.5,0,NA,NA,4.382,0.081,4.64095814055967,64,0.059137920190841846,-8
35,6,35,64,0,1,2.65,64,74,0.7042788677273,4.383,3.348,191.8262698098,74,0.7042788677273,56
35,7,0,55,-55,1,3.785,-55,NA,NA,4.382,1.212,69.4424847698558,74,0.7042788677273,1
35,8,35,66,0,1,3.05,66,NA,NA,4.383,6.113,350.249100163472,74,0.7042788677273,67
35,9,0,40,-26,0,3.566,0,67,0.2526802044517793,NA,NA,NA,67,0.2526802044517793,67
35,10,45,108,0,1,1.433,0,NA,NA,4.383,1.338,76.6617529885041,67,0.2526802044517793,67
35,11,-35,0,-76,1,4.167,0,75,0.7687929624809458,4.383,3.6,206.264806247096,75,0.7687929624809458,67
35,12,0,75,-26,1,2.134,75,NA,NA,4.383,4.982,285.447573534176,75,0.7687929624809458,142
35,13,0,55,-74,1,3.651,-74,NA,NA,4.383,2.72,155.844520275584,75,0.7687929624809458,68
35,14,-45,0,-93,0,3.95,-45,38,-1.6182285434039494,NA,NA,NA,38,-1.6182285434039494,23
35,15,-30,0,-60,1,1.684,0,NA,NA,4.384,5.485,314.267350629257,38,-1.6182285434039494,23
35,16,-35,0,-57,1,1.852,0,NA,NA,4.382,4.228,242.246555781312,38,-1.6182285434039494,23
35,17,0,55,-110,1,1.518,-110,25,-2.4569117752013447,4.383,2.595,148.682547836449,25,-2.4569117752013447,-87
35,18,35,140,0,1,1.317,140,NA,NA,4.383,4.479,256.627796439096,25,-2.4569117752013447,53
35,19,-30,0,-49,1,3.7,0,NA,NA,4.384,3.348,191.8262698098,25,-2.4569117752013447,53
35,20,0,40,-54,0,4,0,74,0.7042788677273,NA,NA,NA,74,0.7042788677273,53
35,21,30,96,0,1,1.234,96,NA,NA,4.383,4.605,263.847064657744,74,0.7042788677273,149
35,22,-35,0,-95,0,2.401,-35,72,0.5752506782200083,NA,NA,NA,72,0.5752506782200083,114
35,23,-35,0,-64,1,2.685,-64,NA,NA,4.382,2.595,148.682547836449,72,0.5752506782200083,50
35,24,-45,0,-74,1,2.534,-74,NA,NA,4.384,2.092,119.862770741368,72,0.5752506782200083,-24
35,25,45,108,0,1,1.251,108,69,0.3817083939590709,4.383,6.239,357.468368382121,69,0.3817083939590709,84
35,26,45,79,0,1,1.35,79,NA,NA,4.383,4.102,235.027287562664,69,0.3817083939590709,163
35,27,-30,0,-120,0,4.683,-30,NA,NA,NA,NA,NA,69,0.3817083939590709,133
35,28,0,55,-110,0,3.067,0,65,0.12365201494448766,NA,NA,NA,65,0.12365201494448766,133
35,29,30,55,0,1,1.568,0,NA,NA,4.382,0.333,19.0794945778564,65,0.12365201494448766,133
35,30,-30,0,-62,1,3.301,0,64,0.059137920190841846,4.383,4.982,285.447573534176,64,0.059137920190841846,133
36,1,-35,0,-66,1,6.004,0,100,1.404517127468882,4.379,4.731,271.066332876392,100,1.404517127468882,0
36,2,45,108,0,1,4.051,108,NA,NA,4.383,5.108,292.666841752824,100,1.404517127468882,108
36,3,30,65,0,1,2.652,0,100,1.404517127468882,4.387,2.846,163.063788494232,100,1.404517127468882,108
36,4,-35,0,-72,1,10.969,0,NA,NA,4.383,4.982,285.447573534176,100,1.404517127468882,108
36,5,-55,0,-103,1,6.801,-103,NA,NA,4.383,1.715,98.2622618649362,100,1.404517127468882,5
36,6,0,75,-58,0,4.129,0,86,0.7932246989332028,NA,NA,NA,86,0.7932246989332028,5
36,7,35,79,0,1,3.531,0,NA,NA,4.383,1.589,91.0429936462878,86,0.7932246989332028,5
36,8,35,68,0,1,8.383,68,NA,NA,4.387,6.113,350.249100163472,86,0.7932246989332028,73
36,9,45,79,0,1,4.949,79,100,1.404517127468882,4.383,4.479,256.627796439096,100,1.404517127468882,152
36,10,-35,0,-72,0,22.918,-35,NA,NA,NA,NA,NA,100,1.404517127468882,117
36,11,-55,0,-90,1,5.07,-90,50,-0.7786701173014005,4.379,2.218,127.082038960017,50,-0.7786701173014005,27
36,12,0,55,-28,1,3.969,-28,NA,NA,4.383,2.218,127.082038960017,50,-0.7786701173014005,-1
36,13,0,40,-8,1,2.617,-8,NA,NA,4.383,0.961,55.0612441120721,50,-0.7786701173014005,-9
36,14,0,55,-19,1,2.848,55,72,0.18193227039752374,4.383,6.113,350.249100163472,72,0.18193227039752374,46
36,15,-30,0,-53,1,3.262,-53,NA,NA,4.387,1.464,83.8810212071525,72,0.18193227039752374,-7
36,16,0,75,-58,1,3.984,-58,NA,NA,4.383,2.972,170.283056712881,72,0.18193227039752374,-65
36,17,0,40,-80,0,3.168,0,50,-0.7786701173014005,NA,NA,NA,50,-0.7786701173014005,-65
36,18,-55,0,-90,1,2.953,-90,NA,NA,4.383,2.343,134.244011399152,50,-0.7786701173014005,-155
36,19,0,40,-54,0,5.676,0,NA,NA,NA,NA,NA,50,-0.7786701173014005,-155
36,20,-55,0,-107,1,3.199,-107,38,-1.3026350560462683,4.379,1.589,91.0429936462878,38,-1.3026350560462683,-262
36,21,35,57,0,1,4.531,57,NA,NA,4.383,3.725,213.426778686232,38,-1.3026350560462683,-205
36,22,0,55,-61,0,3.551,0,50,-0.7786701173014005,NA,NA,NA,50,-0.7786701173014005,-205
36,23,30,60,0,1,3.383,0,NA,NA,4.387,1.715,98.2622618649362,50,-0.7786701173014005,-205
36,24,30,120,0,1,2.531,0,NA,NA,4.383,0.081,4.64095814055967,50,-0.7786701173014005,-205
36,25,30,51,0,1,1.531,51,59,-0.38569641324274967,4.387,4.856,278.228305315528,59,-0.38569641324274967,-154
36,26,-35,0,-68,1,2.652,-68,NA,NA,4.387,2.72,155.844520275584,59,-0.38569641324274967,-222
36,27,45,87,0,1,1.887,87,NA,NA,4.383,3.725,213.426778686232,59,-0.38569641324274967,-135
36,28,-30,0,-56,1,2.836,-56,59,-0.38569641324274967,4.383,1.841,105.481530083585,59,-0.38569641324274967,-191
36,29,45,98,0,1,1.684,0,NA,NA,4.379,2.72,155.844520275584,59,-0.38569641324274967,-191
36,30,-45,0,-144,0,3.207,-45,50,-0.7786701173014005,NA,NA,NA,50,-0.7786701173014005,-236
37,1,-55,0,-149,1,25.332,0,35,-1.6504762620447968,4.384,3.348,191.8262698098,35,-1.6504762620447968,0
37,2,-45,0,-144,0,12.169,-45,NA,NA,NA,NA,NA,35,-1.6504762620447968,-45
37,3,45,180,0,1,3.203,0,34,-1.7309872992177138,4.38,0.961,55.0612441120721,34,-1.7309872992177138,-45
37,4,0,55,-42,1,6.52,-42,NA,NA,4.384,1.715,98.2622618649362,34,-1.7309872992177138,-87
37,5,-35,0,-57,1,6,-57,NA,NA,4.381,0.584,33.4607352356401,34,-1.7309872992177138,-144
37,6,0,75,-101,1,2.383,75,65,0.7648548531427107,4.383,5.448,312.147406787273,65,0.7648548531427107,-69
37,7,-30,0,-58,1,9.968,0,NA,NA,4.382,5.951,340.967183882353,65,0.7648548531427107,-69
37,8,55,90,0,1,4.168,0,NA,NA,4.383,0.458,26.2414670169917,65,0.7648548531427107,-69
37,9,-55,0,-110,1,8.718,0,63,0.6038327787968769,4.382,3.94,225.745371281544,63,0.6038327787968769,-69
37,10,0,75,-48,1,8.151,75,NA,NA,4.382,3.474,199.045538028448,63,0.6038327787968769,6
37,11,55,97,0,1,6.182,0,64,0.6843438159697938,4.384,0.207,11.860226359208,64,0.6843438159697938,6
37,12,-35,0,-57,1,9.251,0,NA,NA,4.383,3.437,196.925594186464,64,0.6843438159697938,6
37,13,55,103,0,1,4.584,0,NA,NA,4.383,1.175,67.3225409278717,64,0.6843438159697938,6
37,14,55,110,0,1,1.801,0,64,0.6843438159697938,4.382,3.06,175.325085310032,64,0.6843438159697938,6
37,15,-35,0,-72,1,5.799,-72,NA,NA,4.383,0.961,55.0612441120721,64,0.6843438159697938,-66
37,16,0,75,-67,1,10.466,-67,NA,NA,4.381,3.06,175.325085310032,64,0.6843438159697938,-133
37,17,-35,0,-112,1,3.521,-112,44,-0.9258769274885446,4.379,1.966,112.64350252272,44,-0.9258769274885446,-245
37,18,-55,0,-107,1,3.703,0,NA,NA,4.38,4.856,278.228305315528,44,-0.9258769274885446,-245
37,19,55,120,0,1,2.103,120,NA,NA,4.38,3.977,227.865315123528,44,-0.9258769274885446,-125
37,20,30,49,0,1,3.252,49,70,1.1674100390072952,4.381,4.479,256.627796439096,70,1.1674100390072952,-76
37,21,0,75,-75,1,4.37,75,NA,NA,4.381,5.233,299.82881419196,70,1.1674100390072952,-1
37,22,35,57,0,1,2.136,0,64,0.6843438159697938,4.382,0.961,55.0612441120721,64,0.6843438159697938,-1
37,23,55,132,0,1,3.467,0,NA,NA,4.381,2.092,119.862770741368,64,0.6843438159697938,-1
37,24,0,40,-8,1,1.652,-8,NA,NA,4.382,2.972,170.283056712881,64,0.6843438159697938,-9
37,25,-30,0,-65,1,1.966,-65,46,-0.7648548531427107,4.383,2.092,119.862770741368,46,-0.7648548531427107,-74
37,26,0,75,-15,1,6.866,-15,NA,NA,4.383,2.846,163.063788494232,46,-0.7648548531427107,-89
37,27,-35,0,-64,1,6.599,-64,NA,NA,4.385,2.846,163.063788494232,46,-0.7648548531427107,-153
37,28,45,77,0,1,3.188,77,59,0.2817886301052092,4.379,3.977,227.865315123528,59,0.2817886301052092,-76
37,29,35,72,0,1,4.037,0,NA,NA,4.377,0.835,47.8419758934237,59,0.2817886301052092,-76
37,30,0,55,-11,1,1.584,-11,58,0.20127759293229228,4.383,2.092,119.862770741368,58,0.20127759293229228,-87
38,1,0,40,-31,1,7.397,40,23,-1.4831418404072123,4.386,5.071,290.54689791084,23,-1.4831418404072123,40
38,2,0,40,-8,1,5.336,40,NA,NA,4.38,3.186,182.54435352868,23,-1.4831418404072123,80
38,3,35,140,0,1,1.617,140,50,0.8495666852818016,4.383,5.485,314.267350629257,50,0.8495666852818016,220
38,4,55,132,0,1,1.937,132,NA,NA,4.38,5.448,312.147406787273,50,0.8495666852818016,352
38,5,-45,0,-90,0,1.566,-45,NA,NA,NA,NA,NA,50,0.8495666852818016,307
38,6,0,55,-110,0,2.401,0,50,0.8495666852818016,NA,NA,NA,50,0.8495666852818016,307
38,7,-45,0,-93,0,3.851,-45,NA,NA,NA,NA,NA,50,0.8495666852818016,262
38,8,0,55,-19,1,1.685,-19,NA,NA,4.399,1.175,67.3225409278717,50,0.8495666852818016,243
38,9,-30,0,-62,0,2.234,-30,26,-1.2239520042195442,NA,NA,NA,26,-1.2239520042195442,213
38,10,-45,0,-77,0,2.25,-45,NA,NA,NA,NA,NA,26,-1.2239520042195442,168
38,11,-55,0,-97,1,2.331,0,26,-1.2239520042195442,4.389,4.479,256.627796439096,26,-1.2239520042195442,168
38,12,45,77,0,1,1.518,77,NA,NA,4.533,5.071,290.54689791084,26,-1.2239520042195442,245
38,13,35,70,0,1,1.017,0,NA,NA,4.384,0.207,11.860226359208,26,-1.2239520042195442,245
38,14,35,74,0,1,0.967,74,50,0.8495666852818016,4.383,3.977,227.865315123528,50,0.8495666852818016,319
38,15,0,55,-11,1,1.521,-11,NA,NA,4.38,1.929,110.523558680736,50,0.8495666852818016,308
38,16,45,77,0,1,1.05,0,NA,NA,4.383,0.207,11.860226359208,50,0.8495666852818016,308
38,17,35,57,0,1,0.968,57,50,0.8495666852818016,4.382,4.82,276.165657253057,50,0.8495666852818016,365
38,18,55,117,0,1,1.052,0,NA,NA,4.383,0.458,26.2414670169917,50,0.8495666852818016,365
38,19,0,55,-19,1,0.952,55,NA,NA,4.381,3.94,225.745371281544,50,0.8495666852818016,420
38,20,-35,0,-84,1,2.366,-84,38,-0.1871926594688713,4.384,1.715,98.2622618649362,38,-0.1871926594688713,336
38,21,-30,0,-56,1,2.27,0,NA,NA,4.382,3.312,189.763621747329,38,-0.1871926594688713,336
38,22,45,79,0,1,3.468,79,58,1.5407395817822502,4.382,4.443,254.565148376625,58,1.5407395817822502,415
38,23,35,74,0,1,2.278,74,NA,NA,4.383,5.699,326.528647445056,58,1.5407395817822502,489
38,24,45,93,0,1,1.797,0,NA,NA,4.384,2.846,163.063788494232,58,1.5407395817822502,489
38,25,-45,0,-108,1,2.55,-108,40,-0.014399435343759141,4.383,2.306,132.124067557168,40,-0.014399435343759141,381
38,26,0,75,-48,1,2.183,-48,NA,NA,4.383,0.547,31.340791393656,40,-0.014399435343759141,333
38,27,0,55,-19,1,1.382,-19,NA,NA,4.385,0.296,16.9595507358724,40,-0.014399435343759141,314
38,28,-35,0,-57,1,2.116,0,39,-0.10079604740631522,4.386,3.437,196.925594186464,39,-0.10079604740631522,314
38,29,-45,0,-74,1,2.184,-74,NA,NA,4.383,3.097,177.445029152016,39,-0.10079604740631522,240
38,30,-55,0,-107,0,2.901,-55,32,-0.7055723318442078,NA,NA,NA,32,-0.7055723318442078,185
39,1,30,51,0,0,8.718,30,0,-1.441769469987394,NA,NA,NA,0,-1.441769469987394,30
39,2,35,70,0,0,10.467,35,NA,NA,NA,NA,NA,0,-1.441769469987394,65
39,3,0,75,-67,1,6.65,75,83,0.5226660869311347,4.383,5.071,290.54689791084,83,0.5226660869311347,140
39,4,-30,0,-60,0,9.284,-30,NA,NA,NA,NA,NA,83,0.5226660869311347,110
39,5,55,103,0,0,2.967,55,NA,NA,NA,NA,NA,83,0.5226660869311347,165
39,6,-35,0,-62,0,12.7,-35,92,0.7356771714162763,NA,NA,NA,92,0.7356771714162763,130
39,7,-30,0,-72,0,9.967,-30,NA,NA,NA,NA,NA,92,0.7356771714162763,100
39,8,-30,0,-64,0,7.283,-30,NA,NA,NA,NA,NA,92,0.7356771714162763,70
39,9,55,124,0,0,5.967,55,92,0.7356771714162763,NA,NA,NA,92,0.7356771714162763,125
39,10,0,40,-36,1,4.301,40,NA,NA,4.382,3.186,182.54435352868,92,0.7356771714162763,165
39,11,35,66,0,0,6.685,35,86,0.5936697817595152,NA,NA,NA,86,0.5936697817595152,200
39,12,35,140,0,1,5.268,140,NA,NA,4.382,5.574,319.366675005921,86,0.5936697817595152,340
39,13,0,75,-58,1,18.583,75,NA,NA,4.383,6.202,355.348424540137,86,0.5936697817595152,415
39,14,35,57,0,0,4.35,35,89,0.6646734765878958,NA,NA,NA,89,0.6646734765878958,450
39,15,-35,0,-84,1,6.25,-84,NA,NA,4.383,2.972,170.283056712881,89,0.6646734765878958,366
39,16,-30,0,-65,1,9.684,0,NA,NA,4.383,4.066,232.964639500193,89,0.6646734765878958,366
39,17,0,75,-101,1,5.467,75,100,0.9250203576252912,4.382,3.94,225.745371281544,100,0.9250203576252912,441
39,18,-30,0,-120,1,8.351,0,NA,NA,4.383,4.191,240.126611939328,100,0.9250203576252912,441
39,19,55,97,0,1,5.519,97,NA,NA,4.382,4.945,283.327629692192,100,0.9250203576252912,538
39,20,30,56,0,1,7.851,56,100,0.9250203576252912,4.382,4.066,232.964639500193,100,0.9250203576252912,594
39,21,-45,0,-93,1,7.466,-93,NA,NA,4.383,1.678,96.1423180229521,100,0.9250203576252912,501
39,22,-55,0,-107,1,7.251,-107,4,-1.3470978768828865,4.382,2.683,153.7245764336,4,-1.3470978768828865,394
39,23,-35,0,-79,0,8.568,-35,NA,NA,NA,NA,NA,4,-1.3470978768828865,359
39,24,0,40,-20,1,4.068,40,NA,NA,4.382,5.322,304.928138568624,4,-1.3470978768828865,399
39,25,0,55,-61,1,4.501,-61,0,-1.441769469987394,4.383,1.929,110.523558680736,0,-1.441769469987394,338
39,26,0,40,-31,1,4.401,40,NA,NA,4.381,5.322,304.928138568624,0,-1.441769469987394,378
39,27,35,112,0,1,7.051,112,NA,NA,4.382,5.322,304.928138568624,0,-1.441769469987394,490
39,28,0,75,-15,1,72977.016,-15,16,-1.0630830975693644,4.375,0.673,38.5600596123044,16,-1.0630830975693644,475
39,29,30,62,0,0,45.664,30,NA,NA,NA,NA,NA,16,-1.0630830975693644,505
39,30,-35,0,-140,1,12.594,0,69,0.19131551106535877,4.391,4.443,254.565148376625,69,0.19131551106535877,505
40,1,0,40,-36,1,9.899,-36,50,0,4.384,0.17,9.740282517224,50,0,-36
40,2,45,98,0,1,6.401,98,NA,NA,4.383,3.725,213.426778686232,50,0,62
40,3,55,120,0,1,3.817,0,50,0,4.383,0.961,55.0612441120721,50,0,62
40,4,-30,0,-81,1,2.651,-81,NA,NA,4.382,2.595,148.682547836449,50,0,-19
40,5,-55,0,-100,1,3.682,-100,NA,NA,4.382,2.055,117.742826899384,50,0,-119
40,6,35,79,0,1,3.917,79,50,0,4.383,5.61,321.429323068392,50,0,-40
40,7,-30,0,-60,0,3.966,-30,NA,NA,NA,NA,NA,50,0,-70
40,8,0,55,-74,0,5.667,0,NA,NA,NA,NA,NA,50,0,-70
40,9,-35,0,-62,0,2.418,-35,44,-0.6476816543825592,NA,NA,NA,44,-0.6476816543825592,-105
40,10,45,79,0,1,4.168,0,NA,NA,4.382,2.595,148.682547836449,44,-0.6476816543825592,-105
40,11,-55,0,-124,0,2.817,-55,43,-0.7556285967796524,NA,NA,NA,43,-0.7556285967796524,-160
40,12,-30,0,-60,0,2.266,-30,NA,NA,NA,NA,NA,43,-0.7556285967796524,-190
40,13,0,40,-26,0,4.116,0,NA,NA,NA,NA,NA,43,-0.7556285967796524,-190
40,14,0,75,-101,0,2.717,0,50,0,NA,NA,NA,50,0,-190
40,15,0,40,-36,0,1.699,0,NA,NA,NA,NA,NA,50,0,-190
40,16,30,56,0,0,1.816,30,NA,NA,NA,NA,NA,50,0,-160
40,17,0,40,-40,1,5.151,40,57,0.7556285967796524,4.382,3.223,184.664297370664,57,0.7556285967796524,-120
40,18,-35,0,-66,0,4.749,-35,NA,NA,NA,NA,NA,57,0.7556285967796524,-155
40,19,30,81,0,1,4.051,81,NA,NA,4.383,5.108,292.666841752824,57,0.7556285967796524,-74
40,20,35,72,0,1,3.351,72,75,2.69867355992733,4.382,5.233,299.82881419196,75,2.69867355992733,-2
40,21,45,74,0,1,2.23,0,NA,NA,4.382,1.212,69.4424847698558,75,2.69867355992733,-2
40,22,-45,0,-95,0,2.666,-45,50,0,NA,NA,NA,50,0,-47
40,23,0,55,-55,0,4.082,0,NA,NA,NA,NA,NA,50,0,-47
40,24,-35,0,-112,0,2.533,-35,NA,NA,NA,NA,NA,50,0,-82
40,25,45,180,0,1,2.985,0,50,0,4.382,1.087,62.2805123307205,50,0,-82
40,26,-45,0,-90,0,1.884,-45,NA,NA,NA,NA,NA,50,0,-127
40,27,0,75,-101,0,3.184,0,NA,NA,NA,NA,NA,50,0,-127
40,28,-55,0,-176,0,3.351,-55,42,-0.8635755391767456,NA,NA,NA,42,-0.8635755391767456,-182
40,29,30,64,0,1,3.819,0,NA,NA,4.38,0.081,4.64095814055967,42,-0.8635755391767456,-182
40,30,30,56,0,1,2.702,0,39,-1.1874163663680253,4.382,0.961,55.0612441120721,39,-1.1874163663680253,-182
41,1,-55,0,-113,0,21.817,-55,76,0.8804881370551296,NA,NA,NA,76,0.8804881370551296,-55
41,2,30,120,0,0,8.051,30,NA,NA,NA,NA,NA,76,0.8804881370551296,-25
41,3,55,117,0,1,19.152,0,62,0.22305699472063284,4.384,0.421,24.1215231750077,62,0.22305699472063284,-25
41,4,0,75,-83,1,8.351,75,NA,NA,4.383,5.448,312.147406787273,62,0.22305699472063284,50
41,5,0,75,-26,1,4.017,-26,NA,NA,4.383,1.678,96.1423180229521,62,0.22305699472063284,24
41,6,0,55,-11,1,3.101,55,93,1.6787973813184471,4.383,3.186,182.54435352868,93,1.6787973813184471,79
41,7,35,84,0,1,3.251,84,NA,NA,4.383,6.202,355.348424540137,93,1.6787973813184471,163
41,8,45,122,0,0,4.033,45,NA,NA,NA,NA,NA,93,1.6787973813184471,208
41,9,-35,0,-112,0,4.967,-35,71,0.645691300507095,NA,NA,NA,71,0.645691300507095,173
41,10,0,40,-44,1,6.267,40,NA,NA,4.383,4.945,283.327629692192,71,0.645691300507095,213
41,11,-30,0,-62,1,4.017,0,80,1.0683256062935573,4.383,4.694,268.946389034408,80,1.0683256062935573,213
41,12,0,55,-55,1,6.734,-55,NA,NA,4.383,2.935,168.163112870897,80,1.0683256062935573,158
41,13,55,176,0,1,4.817,0,NA,NA,4.383,1.929,110.523558680736,80,1.0683256062935573,158
41,14,-45,0,-108,1,3.419,0,66,0.4108944639590605,4.382,4.945,283.327629692192,66,0.4108944639590605,158
41,15,0,40,-14,1,3.584,-14,NA,NA,4.383,2.558,146.562603994465,66,0.4108944639590605,144
41,16,-45,0,-93,0,3.233,-45,NA,NA,NA,NA,NA,66,0.4108944639590605,99
41,17,-30,0,-51,1,3.184,-51,50,-0.3404554129946501,4.383,0.17,9.740282517224,50,-0.3404554129946501,48
41,18,0,55,-19,1,4.967,-19,NA,NA,4.383,0.296,16.9595507358724,50,-0.3404554129946501,29
41,19,30,64,0,0,2.467,30,NA,NA,NA,NA,NA,50,-0.3404554129946501,59
41,20,30,68,0,0,2.05,30,50,-0.3404554129946501,NA,NA,NA,50,-0.3404554129946501,89
41,21,-55,0,-94,1,4.219,-94,NA,NA,4.382,1.929,110.523558680736,50,-0.3404554129946501,-5
41,22,35,95,0,1,3.684,0,34,-1.0918052899483608,4.383,2.181,124.962095118033,34,-1.0918052899483608,-5
41,23,35,60,0,0,2.218,35,NA,NA,NA,NA,NA,34,-1.0918052899483608,30
41,24,45,85,0,0,1.717,45,NA,NA,NA,NA,NA,34,-1.0918052899483608,75
41,25,-35,0,-76,1,5.884,-76,34,-1.0918052899483608,4.384,1.301,74.5418091465201,34,-1.0918052899483608,-1
41,26,0,40,-40,0,3.7,0,NA,NA,NA,NA,NA,34,-1.0918052899483608,-1
41,27,-30,0,-72,0,2.683,-30,NA,NA,NA,NA,NA,34,-1.0918052899483608,-31
41,28,55,149,0,0,1.517,55,50,-0.3404554129946501,NA,NA,NA,50,-0.3404554129946501,24
41,29,-55,0,-107,0,3.984,-55,NA,NA,NA,NA,NA,50,-0.3404554129946501,-31
41,30,-35,0,-74,0,2.184,-35,21,-1.7022770649732506,NA,NA,NA,21,-1.7022770649732506,-66
42,1,0,75,-101,0,21.5,0,50,0.5675272087974552,NA,NA,NA,50,0.5675272087974552,0
42,2,45,74,0,1,3.4,0,NA,NA,4.382,0.835,47.8419758934237,50,0.5675272087974552,0
42,3,55,94,0,0,8.766,55,50,0.5675272087974552,NA,NA,NA,50,0.5675272087974552,55
42,4,35,64,0,1,5.234,0,NA,NA,4.384,2.72,155.844520275584,50,0.5675272087974552,55
42,5,55,149,0,1,6.051,149,NA,NA,4.383,5.359,307.048082410608,50,0.5675272087974552,204
42,6,0,55,-19,1,10.45,-19,40,-0.4339913949627603,4.383,2.972,170.283056712881,40,-0.4339913949627603,185
42,7,-30,0,-49,0,5.467,-30,NA,NA,NA,NA,NA,40,-0.4339913949627603,155
42,8,-45,0,-95,1,6.118,-95,NA,NA,4.382,0.458,26.2414670169917,40,-0.4339913949627603,60
42,9,-55,0,-149,1,6.234,0,50,0.5675272087974552,4.383,4.982,285.447573534176,50,0.5675272087974552,60
42,10,0,40,-80,0,4.983,0,NA,NA,NA,NA,NA,50,0.5675272087974552,60
42,11,-30,0,-65,0,5.233,-30,34,-1.0349025572188897,NA,NA,NA,34,-1.0349025572188897,30
42,12,0,75,-67,1,2.601,-67,NA,NA,4.382,1.087,62.2805123307205,34,-1.0349025572188897,-37
42,13,45,74,0,0,3.6,45,NA,NA,NA,NA,NA,34,-1.0349025572188897,8
42,14,55,94,0,0,4.167,55,50,0.5675272087974552,NA,NA,NA,50,0.5675272087974552,63
42,15,35,74,0,1,3.451,0,NA,NA,4.382,1.087,62.2805123307205,50,0.5675272087974552,63
42,16,-55,0,-120,1,5.05,-120,NA,NA,4.383,0.961,55.0612441120721,50,0.5675272087974552,-57
42,17,-45,0,-108,1,3.968,0,40,-0.4339913949627603,4.382,3.6,206.264806247096,40,-0.4339913949627603,-57
42,18,-35,0,-70,1,3.183,0,NA,NA,4.382,5.233,299.82881419196,40,-0.4339913949627603,-57
42,19,-45,0,-102,1,5.184,-102,NA,NA,4.383,1.966,112.64350252272,40,-0.4339913949627603,-159
42,20,-55,0,-149,0,2.434,-55,36,-0.8345988364668465,NA,NA,NA,36,-0.8345988364668465,-214
42,21,-30,0,-81,0,4.551,-30,NA,NA,NA,NA,NA,36,-0.8345988364668465,-244
42,22,0,40,-20,1,2.217,-20,25,-1.9362693006030836,4.383,1.589,91.0429936462878,25,-1.9362693006030836,-264
42,23,0,40,-80,0,3.382,0,NA,NA,NA,NA,NA,25,-1.9362693006030836,-264
42,24,55,110,0,0,4.9,55,NA,NA,NA,NA,NA,25,-1.9362693006030836,-209
42,25,55,94,0,1,2.167,94,63,1.8695013936857354,4.382,4.945,283.327629692192,63,1.8695013936857354,-115
42,26,35,57,0,1,6.534,0,NA,NA,4.383,0.584,33.4607352356401,63,1.8695013936857354,-115
42,27,0,75,-38,1,3.484,-38,NA,NA,4.383,1.087,62.2805123307205,63,1.8695013936857354,-153
42,28,30,58,0,1,3.284,0,44,-0.033383953458674086,4.382,1.338,76.6617529885041,44,-0.033383953458674086,-153
42,29,-35,0,-62,1,2.534,-62,NA,NA,4.382,0.584,33.4607352356401,44,-0.033383953458674086,-215
42,30,0,55,-61,1,3.067,55,50,0.5675272087974552,4.382,5.862,335.867859505689,50,0.5675272087974552,-160
43,1,0,75,-150,0,18.333,0,80,0.7168169967822577,NA,NA,NA,80,0.7168169967822577,0
43,2,-45,0,-98,1,17.567,0,NA,NA,4.383,4.605,263.847064657744,80,0.7168169967822577,0
43,3,-35,0,-72,1,9.484,-72,74,-0.31539947858419226,4.384,0.835,47.8419758934237,74,-0.31539947858419226,-72
43,4,-55,0,-90,1,16.933,-90,NA,NA,4.383,1.087,62.2805123307205,74,-0.31539947858419226,-162
43,5,45,82,0,0,7.667,45,NA,NA,NA,NA,NA,74,-0.31539947858419226,-117
43,6,-45,0,-108,0,5.467,-45,75,-0.14336339935645057,NA,NA,NA,75,-0.14336339935645057,-162
43,7,0,40,-40,0,16.434,0,NA,NA,NA,NA,NA,75,-0.14336339935645057,-162
43,8,55,113,0,1,4.968,0,NA,NA,4.383,0.081,4.64095814055967,75,-0.14336339935645057,-162
43,9,55,124,0,1,7.317,124,81,0.8888530760099994,4.383,4.479,256.627796439096,81,0.8888530760099994,-38
43,10,30,120,0,1,6.752,0,NA,NA,4.38,0.333,19.0794945778564,81,0.8888530760099994,-38
43,11,0,40,-54,0,8.383,0,80,0.7168169967822577,NA,NA,NA,80,0.7168169967822577,-38
43,12,35,66,0,0,18.467,35,NA,NA,NA,NA,NA,80,0.7168169967822577,-3
43,13,-35,0,-70,0,8.7,-35,NA,NA,NA,NA,NA,80,0.7168169967822577,-38
43,14,-30,0,-64,0,4.882,-30,75,-0.14336339935645057,NA,NA,NA,75,-0.14336339935645057,-68
43,15,0,40,-26,0,8.234,0,NA,NA,NA,NA,NA,75,-0.14336339935645057,-68
43,16,55,90,0,1,5.55,90,NA,NA,4.45,4.982,285.447573534176,75,-0.14336339935645057,22
43,17,-55,0,-94,1,18.482,-94,64,-2.035760270861609,4.384,1.966,112.64350252272,64,-2.035760270861609,-72
43,18,0,40,-8,1,5.083,40,NA,NA,4.382,3.725,213.426778686232,64,-2.035760270861609,-32
43,19,-45,0,-82,1,6.917,0,NA,NA,4.383,4.856,278.228305315528,64,-2.035760270861609,-32
43,20,-30,0,-49,1,4.883,-49,68,-1.3476159539506423,4.383,2.595,148.682547836449,68,-1.3476159539506423,-81
43,21,55,120,0,1,5.684,0,NA,NA,4.383,2.092,119.862770741368,68,-1.3476159539506423,-81
43,22,45,77,0,1,11.3,77,82,1.060889155237741,4.384,3.474,199.045538028448,82,1.060889155237741,-4
43,23,55,107,0,1,15.468,107,NA,NA,4.382,5.233,299.82881419196,82,1.060889155237741,103
43,24,45,95,0,0,6.383,45,NA,NA,NA,NA,NA,82,1.060889155237741,148
43,25,0,40,-80,0,6.384,0,83,1.2329252344654829,NA,NA,NA,83,1.2329252344654829,148
43,26,30,81,0,0,4.349,30,NA,NA,NA,NA,NA,83,1.2329252344654829,178
43,27,-45,0,-79,1,17.3,-79,NA,NA,4.384,1.338,76.6617529885041,83,1.2329252344654829,99
43,28,0,55,-61,0,4.4,0,76,0.028672679871291094,NA,NA,NA,76,0.028672679871291094,99
43,29,-45,0,-102,0,10.383,-45,NA,NA,NA,NA,NA,76,0.028672679871291094,54
43,30,0,40,-8,1,6,-8,72,-0.6594716370396756,4.383,0.081,4.64095814055967,72,-0.6594716370396756,46
44,1,-30,0,-58,1,7.716,-58,52,0.48743555781193515,4.384,2.343,134.244011399152,52,0.48743555781193515,-58
44,2,45,79,0,0,5.85,45,NA,NA,NA,NA,NA,52,0.48743555781193515,-13
44,3,55,110,0,0,3.218,55,52,0.48743555781193515,NA,NA,NA,52,0.48743555781193515,42
44,4,-35,0,-79,1,17.885,0,NA,NA,4.385,3.851,220.64604690488,52,0.48743555781193515,42
44,5,-45,0,-74,1,7.432,0,NA,NA,4.381,5.862,335.867859505689,52,0.48743555781193515,42
44,6,0,55,-11,1,10.185,55,51,0.3153994785841935,4.382,4.102,235.027287562664,51,0.3153994785841935,97
44,7,-45,0,-122,0,5.15,-45,NA,NA,NA,NA,NA,51,0.3153994785841935,52
44,8,-45,0,-95,1,9.983,0,NA,NA,4.382,3.94,225.745371281544,51,0.3153994785841935,52
44,9,-30,0,-120,0,7.433,-30,50,0.14336339935645181,NA,NA,NA,50,0.14336339935645181,22
44,10,-55,0,-149,1,7.268,-149,NA,NA,4.383,1.087,62.2805123307205,50,0.14336339935645181,-127
44,11,-35,0,-57,0,3.901,-35,37,-2.0931056306041897,NA,NA,NA,37,-2.0931056306041897,-162
44,12,30,120,0,0,5.117,30,NA,NA,NA,NA,NA,37,-2.0931056306041897,-132
44,13,0,40,-31,0,2.468,0,NA,NA,NA,NA,NA,37,-2.0931056306041897,-132
44,14,30,51,0,0,2.267,30,50,0.14336339935645181,NA,NA,NA,50,0.14336339935645181,-102
44,15,55,97,0,0,2.233,55,NA,NA,NA,NA,NA,50,0.14336339935645181,-47
44,16,30,81,0,0,1.433,30,NA,NA,NA,NA,NA,50,0.14336339935645181,-17
44,17,-45,0,-108,0,2.95,-45,50,0.14336339935645181,NA,NA,NA,50,0.14336339935645181,-62
44,18,30,51,0,0,3.764,30,NA,NA,NA,NA,NA,50,0.14336339935645181,-32
44,19,35,64,0,0,1.783,35,NA,NA,NA,NA,NA,50,0.14336339935645181,3
44,20,35,68,0,0,1.583,35,59,1.691688112406127,NA,NA,NA,59,1.691688112406127,38
44,21,0,40,-40,0,6.167,0,NA,NA,NA,NA,NA,59,1.691688112406127,38
44,22,0,75,-15,0,1.818,0,50,0.14336339935645181,NA,NA,NA,50,0.14336339935645181,38
44,23,0,55,-74,0,1.401,0,NA,NA,NA,NA,NA,50,0.14336339935645181,38
44,24,-35,0,-64,0,3.019,-35,NA,NA,NA,NA,NA,50,0.14336339935645181,3
44,25,55,97,0,0,1.884,55,50,0.14336339935645181,NA,NA,NA,50,0.14336339935645181,58
44,26,0,75,-150,0,4.2,0,NA,NA,NA,NA,NA,50,0.14336339935645181,58
44,27,0,75,-83,0,1.415,0,NA,NA,NA,NA,NA,50,0.14336339935645181,58
44,28,0,40,-80,0,1.983,0,50,0.14336339935645181,NA,NA,NA,50,0.14336339935645181,58
44,29,30,96,0,0,1.866,30,NA,NA,NA,NA,NA,50,0.14336339935645181,88
44,30,-55,0,-176,1,8.984,-176,39,-1.7490334721487066,4.383,1.338,76.6617529885041,39,-1.7490334721487066,-88
45,1,0,55,-61,0,13.467,0,94,0.5725687884456738,NA,NA,NA,94,0.5725687884456738,0
45,2,45,108,0,1,11.752,0,NA,NA,4.382,2.343,134.244011399152,94,0.5725687884456738,0
45,3,-30,0,-53,1,19.151,-53,87,0.06629743866213096,4.383,1.338,76.6617529885041,87,0.06629743866213096,-53
45,4,-30,0,-81,0,4.668,-30,NA,NA,NA,NA,NA,87,0.06629743866213096,-83
45,5,0,55,-11,1,4.933,-11,NA,NA,4.384,0.798,45.7220320514397,87,0.06629743866213096,-94
45,6,45,87,0,1,10.684,87,92,0.4279198313646616,4.383,4.82,276.165657253057,92,0.4279198313646616,-7
45,7,-30,0,-51,1,4.55,-51,NA,NA,4.384,0.584,33.4607352356401,92,0.4279198313646616,-58
45,8,45,77,0,0,5.267,45,NA,NA,NA,NA,NA,92,0.4279198313646616,-13
45,9,0,40,-14,1,4.616,-14,87,0.06629743866213096,4.384,2.306,132.124067557168,87,0.06629743866213096,-27
45,10,55,120,0,1,3.019,120,NA,NA,4.381,4.856,278.228305315528,87,0.06629743866213096,93
45,11,30,51,0,0,5.735,30,100,1.0065156596887106,NA,NA,NA,100,1.0065156596887106,123
45,12,45,102,0,1,6.084,0,NA,NA,4.383,1.589,91.0429936462878,100,1.0065156596887106,123
45,13,30,49,0,0,2.8,30,NA,NA,NA,NA,NA,100,1.0065156596887106,153
45,14,0,55,-42,0,2.617,0,98,0.8618667026076984,NA,NA,NA,98,0.8618667026076984,153
45,15,45,74,0,0,4.635,45,NA,NA,NA,NA,NA,98,0.8618667026076984,198
45,16,-55,0,-220,0,4.366,-55,NA,NA,NA,NA,NA,98,0.8618667026076984,143
45,17,0,55,-42,0,3.5,0,88,0.13862191720263708,NA,NA,NA,88,0.13862191720263708,143
45,18,-35,0,-60,1,7.101,-60,NA,NA,4.383,1.338,76.6617529885041,88,0.13862191720263708,83
45,19,0,55,-61,0,3.133,0,NA,NA,NA,NA,NA,88,0.13862191720263708,83
45,20,-30,0,-56,1,6.485,0,90,0.28327087428364933,4.383,3.725,213.426778686232,90,0.28327087428364933,83
45,21,55,220,0,1,5.018,0,NA,NA,4.382,1.338,76.6617529885041,90,0.28327087428364933,83
45,22,-35,0,-84,0,3.317,-35,76,-0.7292718252834365,NA,NA,NA,76,-0.7292718252834365,48
45,23,0,75,-101,0,3.584,0,NA,NA,NA,NA,NA,76,-0.7292718252834365,48
45,24,-35,0,-64,1,2.801,0,NA,NA,4.383,5.322,304.928138568624,76,-0.7292718252834365,48
45,25,30,96,0,0,3.899,30,90,0.28327087428364933,NA,NA,NA,90,0.28327087428364933,78
45,26,-45,0,-93,1,3.951,-93,NA,NA,4.382,2.846,163.063788494232,90,0.28327087428364933,-15
45,27,-35,0,-76,0,3.266,-35,NA,NA,NA,NA,NA,90,0.28327087428364933,-50
45,28,-30,0,-64,1,4.101,0,47,-2.826681702958114,4.383,4.228,242.246555781312,47,-2.826681702958114,-50
45,29,0,75,-48,1,5.368,75,NA,NA,4.383,4.731,271.066332876392,47,-2.826681702958114,25
45,30,55,117,0,0,2.517,55,84,-0.15067599695938744,NA,NA,NA,84,-0.15067599695938744,80
46,1,30,64,0,0,4.784,30,50,-0.029066373538171812,NA,NA,NA,50,-0.029066373538171812,30
46,2,30,55,0,1,12.485,0,NA,NA,4.383,2.218,127.082038960017,50,-0.029066373538171812,30
46,3,35,74,0,1,3.25,0,50,-0.029066373538171812,4.384,0.584,33.4607352356401,50,-0.029066373538171812,30
46,4,-45,0,-108,1,3.767,0,NA,NA,4.383,5.862,335.867859505689,50,-0.029066373538171812,30
46,5,45,102,0,1,3.467,0,NA,NA,4.383,2.218,127.082038960017,50,-0.029066373538171812,30
46,6,-30,0,-51,0,2.399,-30,40,-0.9010575796833199,NA,NA,NA,40,-0.9010575796833199,0
46,7,0,75,-48,1,2.433,75,NA,NA,4.383,3.474,199.045538028448,40,-0.9010575796833199,75
46,8,-55,0,-124,0,2.568,-55,NA,NA,NA,NA,NA,40,-0.9010575796833199,20
46,9,-35,0,-84,0,3.001,-35,34,-1.4242523033704089,NA,NA,NA,34,-1.4242523033704089,-15
46,10,0,40,-36,0,4.384,0,NA,NA,NA,NA,NA,34,-1.4242523033704089,-15
46,11,35,76,0,0,2.965,35,50,-0.029066373538171812,NA,NA,NA,50,-0.029066373538171812,20
46,12,35,68,0,1,4.184,0,NA,NA,4.382,0.71,40.6800034542884,50,-0.029066373538171812,20
46,13,-35,0,-140,0,2.268,-35,NA,NA,NA,NA,NA,50,-0.029066373538171812,-15
46,14,0,75,-58,1,2.95,-58,40,-0.9010575796833199,4.383,1.715,98.2622618649362,40,-0.9010575796833199,-73
46,15,-30,0,-53,0,3.8,-30,NA,NA,NA,NA,NA,40,-0.9010575796833199,-103
46,16,-45,0,-93,0,2.783,-45,NA,NA,NA,NA,NA,40,-0.9010575796833199,-148
46,17,0,55,-19,1,3.667,-19,38,-1.0754558209123495,4.383,1.966,112.64350252272,38,-1.0754558209123495,-167
46,18,0,40,-20,0,2.416,0,NA,NA,NA,NA,NA,38,-1.0754558209123495,-167
46,19,-30,0,-58,0,3,-30,NA,NA,NA,NA,NA,38,-1.0754558209123495,-197
46,20,45,98,0,1,2.999,98,50,-0.029066373538171812,4.383,4.605,263.847064657744,50,-0.029066373538171812,-99
46,21,-30,0,-49,1,3.584,0,NA,NA,4.382,5.233,299.82881419196,50,-0.029066373538171812,-99
46,22,45,79,0,0,2.003,45,58,0.6685265913779467,NA,NA,NA,58,0.6685265913779467,-54
46,23,0,40,-40,0,2.25,0,NA,NA,NA,NA,NA,58,0.6685265913779467,-54
46,24,0,40,-31,0,2.819,0,NA,NA,NA,NA,NA,58,0.6685265913779467,-54
46,25,55,113,0,1,4.168,113,74,2.0637125212101837,4.382,4.982,285.447573534176,74,2.0637125212101837,59
46,26,-55,0,-103,0,4.15,-55,NA,NA,NA,NA,NA,74,2.0637125212101837,4
46,27,55,90,0,0,2.284,55,NA,NA,NA,NA,NA,74,2.0637125212101837,59
46,28,30,96,0,1,3.15,0,58,0.6685265913779467,4.384,3.097,177.445029152016,58,0.6685265913779467,59
46,29,-30,0,-53,0,2.101,-30,NA,NA,NA,NA,NA,58,0.6685265913779467,29
46,30,0,75,-67,0,3.901,0,62,1.017323073836006,NA,NA,NA,62,1.017323073836006,29
47,1,35,95,0,1,7.467,0,74,2.045657831728704,4.384,2.218,127.082038960017,74,2.045657831728704,0
47,2,0,40,-14,1,5.668,-14,NA,NA,4.382,1.715,98.2622618649362,74,2.045657831728704,-14
47,3,-55,0,-94,0,4.734,-55,38,0.41817314792244226,NA,NA,NA,38,0.41817314792244226,-69
47,4,45,180,0,1,4.45,0,NA,NA,4.384,2.218,127.082038960017,38,0.41817314792244226,-69
47,5,35,57,0,0,3.267,35,NA,NA,NA,NA,NA,38,0.41817314792244226,-34
47,6,35,140,0,0,2.317,35,65,1.6387866607771386,NA,NA,NA,65,1.6387866607771386,1
47,7,-30,0,-58,1,5.384,-58,NA,NA,4.384,2.343,134.244011399152,65,1.6387866607771386,-57
47,8,-45,0,-108,1,5.351,-108,NA,NA,4.384,0.458,26.2414670169917,65,1.6387866607771386,-165
47,9,55,90,0,0,2.968,55,37,0.372965240038935,NA,NA,NA,37,0.372965240038935,-110
47,10,35,57,0,0,2.883,35,NA,NA,NA,NA,NA,37,0.372965240038935,-75
47,11,-55,0,-97,0,3.133,-55,21,-0.35036128609718137,NA,NA,NA,21,-0.35036128609718137,-130
47,12,-30,0,-64,1,3.968,-64,NA,NA,4.382,1.841,105.481530083585,21,-0.35036128609718137,-194
47,13,-55,0,-176,1,3.484,-176,NA,NA,4.384,2.218,127.082038960017,21,-0.35036128609718137,-370
47,14,0,40,-54,1,2.85,40,2,-1.2093115358838196,4.383,4.354,249.46582399996,2,-1.2093115358838196,-330
47,15,-30,0,-68,1,7.367,-68,NA,NA,4.383,0.458,26.2414670169917,2,-1.2093115358838196,-398
47,16,0,75,-15,1,2.752,-15,NA,NA,4.382,0.961,55.0612441120721,2,-1.2093115358838196,-413
47,17,0,55,-110,1,3.417,55,19,-0.4407771018641959,4.383,5.108,292.666841752824,19,-0.4407771018641959,-358
47,18,0,75,-67,1,2.968,-67,NA,NA,4.383,1.087,62.2805123307205,19,-0.4407771018641959,-425
47,19,35,68,0,1,3.617,68,NA,NA,4.383,4.982,285.447573534176,19,-0.4407771018641959,-357
47,20,-45,0,-122,1,3.848,-122,22,-0.30515337821367405,4.383,2.595,148.682547836449,22,-0.30515337821367405,-479
47,21,55,149,0,1,2.267,0,NA,NA,4.383,2.343,134.244011399152,22,-0.30515337821367405,-479
47,22,-35,0,-84,1,7.767,0,22,-0.30515337821367405,4.383,4.102,235.027287562664,22,-0.30515337821367405,-479
47,23,-35,0,-68,1,3.167,-68,NA,NA,4.383,2.469,141.4632796178,22,-0.30515337821367405,-547
47,24,45,122,0,1,3.451,0,NA,NA,4.382,0.584,33.4607352356401,22,-0.30515337821367405,-547
47,25,-30,0,-120,1,3.718,-120,0,-1.299727351650834,4.383,1.087,62.2805123307205,0,-1.299727351650834,-667
47,26,0,40,-8,1,2.917,40,NA,NA,4.382,4.228,242.246555781312,0,-1.299727351650834,-627
47,27,30,56,0,0,2.117,30,NA,NA,NA,NA,NA,0,-1.299727351650834,-597
47,28,0,40,-20,1,2.097,-20,23,-0.2599454703301668,4.383,0.835,47.8419758934237,23,-0.2599454703301668,-617
47,29,0,75,-150,1,2.6,-150,NA,NA,4.383,0.207,11.860226359208,23,-0.2599454703301668,-767
47,30,30,120,0,0,2.45,30,22,-0.30515337821367405,NA,NA,NA,22,-0.30515337821367405,-737
48,1,35,59,0,0,6.801,35,59,0.4408661077022348,NA,NA,NA,59,0.4408661077022348,35
48,2,35,150,0,1,3.6,0,NA,NA,5,2.112,121.00868633163,59,0.4408661077022348,35
48,3,35,150,0,1,3.316,150,74,1.9968641348865928,-5.117,5.213,298.682898601698,74,1.9968641348865928,185
48,4,-35,0,-118,0,10.951,-35,NA,NA,NA,NA,NA,74,1.9968641348865928,150
48,5,55,98,0,0,4.833,55,NA,NA,NA,NA,NA,74,1.9968641348865928,205
48,6,0,40,-81,0,3.217,0,63,0.8557989149513969,NA,NA,NA,63,0.8557989149513969,205
48,7,-35,0,-118,0,3.484,-35,NA,NA,NA,NA,NA,63,0.8557989149513969,170
48,8,-45,0,-118,0,3.217,-45,NA,NA,NA,NA,NA,63,0.8557989149513969,125
48,9,-35,0,-98,0,3.933,-35,47,-0.8039323140452517,NA,NA,NA,47,-0.8039323140452517,90
48,10,35,98,0,1,4.3,98,NA,NA,-4.767,5.479,313.923575952178,47,-0.8039323140452517,188
48,11,-35,0,-85,0,6.401,-35,63,0.8557989149513969,NA,NA,NA,63,0.8557989149513969,153
48,12,0,55,-46,1,6.213,-46,NA,NA,-4.917,2.762,158.250943015133,63,0.8557989149513969,107
48,13,35,150,0,1,3.651,0,NA,NA,5.099,2.332,133.613757824508,63,0.8557989149513969,107
48,14,0,55,-46,0,2.101,0,49,-0.5964659104206705,NA,NA,NA,49,-0.5964659104206705,107
48,15,-35,0,-144,0,2.701,-35,NA,NA,NA,NA,NA,49,-0.5964659104206705,72
48,16,0,40,-72,0,2.101,0,NA,NA,NA,NA,NA,49,-0.5964659104206705,72
48,17,-55,0,-131,0,3,-55,47,-0.8039323140452517,NA,NA,NA,47,-0.8039323140452517,17
48,18,0,75,-19,1,3.083,75,NA,NA,4.133,3.771,216.062384543833,47,-0.8039323140452517,92
48,19,35,131,0,0,3.867,35,NA,NA,NA,NA,NA,47,-0.8039323140452517,127
48,20,0,40,-54,0,2.6,0,64,0.9595321167636874,NA,NA,NA,64,0.9595321167636874,127
48,21,0,75,-72,0,2.533,0,NA,NA,NA,NA,NA,64,0.9595321167636874,127
48,22,-45,0,-137,0,2.068,-45,41,-1.426331524918995,NA,NA,NA,41,-1.426331524918995,82
48,23,-35,0,-98,0,4.15,-35,NA,NA,NA,NA,NA,41,-1.426331524918995,47
48,24,45,105,0,1,2.001,0,NA,NA,5.683,0.01,0.572957795130823,41,-1.426331524918995,47
48,25,-55,0,-79,1,2.152,0,50,-0.49273270860838003,-5.581,5.362,307.219969749147,50,-0.49273270860838003,47
48,26,45,111,0,1,4.083,0,NA,NA,4.817,2.296,131.551109762037,50,-0.49273270860838003,47
48,27,35,92,0,1,1.917,92,NA,NA,5.567,4.32,247.517767496516,50,-0.49273270860838003,139
48,28,0,55,-46,0,3.42,0,49,-0.5964659104206705,NA,NA,NA,49,-0.5964659104206705,139
48,29,-35,0,-98,0,4.634,-35,NA,NA,NA,NA,NA,49,-0.5964659104206705,104
48,30,55,137,0,0,1.934,55,51,-0.3889995067960895,NA,NA,NA,51,-0.3889995067960895,159
49,1,-45,0,-95,1,7.019,0,72,1.4507007539261927,4.381,5.61,321.429323068392,72,1.4507007539261927,0
49,2,-35,0,-66,1,5.484,0,NA,NA,4.383,4.354,249.46582399996,72,1.4507007539261927,0
49,3,0,40,-8,1,5.083,40,75,1.7144645273673185,4.384,3.851,220.64604690488,75,1.7144645273673185,40
49,4,55,107,0,0,6.5,55,NA,NA,NA,NA,NA,75,1.7144645273673185,95
49,5,0,55,-49,1,8.417,-49,NA,NA,4.383,0.584,33.4607352356401,75,1.7144645273673185,46
49,6,-35,0,-66,1,6.852,-66,50,-0.4835669179753975,4.382,0.584,33.4607352356401,50,-0.4835669179753975,-20
49,7,-45,0,-144,1,7.366,-144,NA,NA,4.383,1.589,91.0429936462878,50,-0.4835669179753975,-164
49,8,0,55,-55,0,2.932,0,NA,NA,NA,NA,NA,50,-0.4835669179753975,-164
49,9,30,65,0,0,2.734,30,56,0.04396062890685432,NA,NA,NA,56,0.04396062890685432,-134
49,10,-55,0,-220,1,4.517,0,NA,NA,4.383,5.736,328.64859128704,56,0.04396062890685432,-134
49,11,0,75,-67,1,6.368,-67,50,-0.4835669179753975,4.382,0.71,40.6800034542884,50,-0.4835669179753975,-201
49,12,-45,0,-93,1,5.634,0,NA,NA,4.383,5.359,307.048082410608,50,-0.4835669179753975,-201
49,13,55,103,0,1,6.551,0,NA,NA,4.382,1.212,69.4424847698558,50,-0.4835669179753975,-201
49,14,45,93,0,1,3.833,93,66,0.9231732070439407,4.383,3.6,206.264806247096,66,0.9231732070439407,-108
49,15,45,108,0,1,4.218,0,NA,NA,4.381,0.081,4.64095814055967,66,0.9231732070439407,-108
49,16,0,55,-74,0,4.399,0,NA,NA,NA,NA,NA,66,0.9231732070439407,-108
49,17,30,60,0,1,5.601,0,50,-0.4835669179753975,4.383,2.72,155.844520275584,50,-0.4835669179753975,-108
49,18,-55,0,-176,0,5.833,-55,NA,NA,NA,NA,NA,50,-0.4835669179753975,-163
49,19,0,40,-44,0,3.166,0,NA,NA,NA,NA,NA,50,-0.4835669179753975,-163
49,20,45,87,0,1,3.268,0,40,-1.362779496112484,4.383,2.972,170.283056712881,40,-1.362779496112484,-163
49,21,-30,0,-96,1,3.767,0,NA,NA,4.383,4.731,271.066332876392,40,-1.362779496112484,-163
49,22,45,87,0,1,5.367,87,58,0.2198031445342716,4.383,4.856,278.228305315528,58,0.2198031445342716,-76
49,23,0,40,-14,1,1450.014,40,NA,NA,4.382,5.233,299.82881419196,58,0.2198031445342716,-36
49,24,35,76,0,1,4.368,0,NA,NA,4.382,0.584,33.4607352356401,58,0.2198031445342716,-36
49,25,-45,0,-93,1,4.617,0,60,0.3956456601616889,4.383,4.856,278.228305315528,60,0.3956456601616889,-36
49,26,35,95,0,1,4.082,95,NA,NA,4.383,3.725,213.426778686232,60,0.3956456601616889,59
49,27,55,120,0,1,4.667,0,NA,NA,4.383,2.595,148.682547836449,60,0.3956456601616889,59
49,28,-30,0,-81,1,3.967,-81,39,-1.4507007539261927,4.382,0.081,4.64095814055967,39,-1.4507007539261927,-22
49,29,-35,0,-140,0,3.784,-35,NA,NA,NA,NA,NA,39,-1.4507007539261927,-57
49,30,0,75,-67,0,2.918,0,50,-0.4835669179753975,NA,NA,NA,50,-0.4835669179753975,-57
50,1,-55,0,-97,0,24.706,-55,50,1.0722301149262872,NA,NA,NA,50,1.0722301149262872,-55
50,2,55,107,0,1,5.684,0,NA,NA,4.384,1.715,98.2622618649362,50,1.0722301149262872,-55
50,3,-55,0,-176,0,3.77,-55,35,0.17870501915438117,NA,NA,NA,35,0.17870501915438117,-110
50,4,-35,0,-62,1,6.551,0,NA,NA,4.381,3.223,184.664297370664,35,0.17870501915438117,-110
50,5,35,95,0,1,2.185,95,NA,NA,4.382,3.851,220.64604690488,35,0.17870501915438117,-15
50,6,-35,0,-60,0,1.738,-35,50,1.0722301149262872,NA,NA,NA,50,1.0722301149262872,-50
50,7,0,40,-80,1,3.617,-80,NA,NA,4.382,0.333,19.0794945778564,50,1.0722301149262872,-130
50,8,0,55,-49,1,2.569,55,NA,NA,4.382,4.102,235.027287562664,50,1.0722301149262872,-75
50,9,0,75,-75,1,2.165,-75,40,0.4765467177450165,4.386,2.343,134.244011399152,40,0.4765467177450165,-150
50,10,-30,0,-68,0,2.699,-30,NA,NA,NA,NA,NA,40,0.4765467177450165,-180
50,11,-35,0,-79,0,2.5,-35,24,-0.4765467177450165,NA,NA,NA,24,-0.4765467177450165,-215
50,12,0,75,-26,1,1.736,75,NA,NA,4.38,5.736,328.64859128704,24,-0.4765467177450165,-140
50,13,-55,0,-117,1,2.317,-117,NA,NA,4.385,2.595,148.682547836449,24,-0.4765467177450165,-257
50,14,0,55,-55,1,2.315,-55,8,-1.4296401532350493,4.383,0.207,11.860226359208,8,-1.4296401532350493,-312
50,15,55,117,0,1,2.153,0,NA,NA,4.379,1.464,83.8810212071525,8,-1.4296401532350493,-312
50,16,0,40,-31,1,1.734,-31,NA,NA,4.382,1.966,112.64350252272,8,-1.4296401532350493,-343
50,17,0,40,-80,0,4.387,0,0,-1.906186870980066,NA,NA,NA,0,-1.906186870980066,-343
50,18,30,55,0,1,1.8,55,NA,NA,4.384,4.605,263.847064657744,0,-1.906186870980066,-288
50,19,45,98,0,1,2.969,98,NA,NA,4.381,3.977,227.865315123528,0,-1.906186870980066,-190
50,20,35,72,0,1,4.336,0,33,0.05956833971812706,4.383,1.841,105.481530083585,33,0.05956833971812706,-190
50,21,-35,0,-140,0,2.569,-35,NA,NA,NA,NA,NA,33,0.05956833971812706,-225
50,22,45,122,0,1,1.754,0,28,-0.23827335887250825,4.38,3.097,177.445029152016,28,-0.23827335887250825,-225
50,23,55,97,0,1,1.651,0,NA,NA,4.382,2.72,155.844520275584,28,-0.23827335887250825,-225
50,24,-45,0,-90,1,2.384,0,NA,NA,4.382,3.977,227.865315123528,28,-0.23827335887250825,-225
50,25,55,100,0,1,1.622,0,24,-0.4765467177450165,4.378,1.087,62.2805123307205,24,-0.4765467177450165,-225
50,26,-55,0,-220,0,1.567,-55,NA,NA,NA,NA,NA,24,-0.4765467177450165,-280
50,27,0,75,-48,1,1.835,75,NA,NA,4.381,3.977,227.865315123528,24,-0.4765467177450165,-205
50,28,30,120,0,1,1.852,120,57,1.4892084929531766,4.381,4.731,271.066332876392,57,1.4892084929531766,-85
50,29,-45,0,-102,1,2.501,-102,NA,NA,4.383,0.835,47.8419758934237,57,1.4892084929531766,-187
50,30,55,132,0,1,1.551,0,35,0.17870501915438117,4.383,1.966,112.64350252272,35,0.17870501915438117,-187
51,1,55,132,0,1,2.783,0,82,0.3178171595829724,4.384,1.552,88.9230498043038,82,0.3178171595829724,0
51,2,45,95,0,1,11.184,95,NA,NA,4.383,5.197,297.766166129489,82,0.3178171595829724,95
51,3,30,120,0,0,1.767,30,84,0.3711571024500447,NA,NA,NA,84,0.3711571024500447,125
51,4,-35,0,-112,1,5.935,0,NA,NA,4.382,4.191,240.126611939328,84,0.3711571024500447,125
51,5,-55,0,-100,1,4.601,-100,NA,NA,4.382,1.678,96.1423180229521,84,0.3711571024500447,25
51,6,-35,0,-60,1,4.317,-60,75,0.13112735954821947,4.383,0.421,24.1215231750077,75,0.13112735954821947,-35
51,7,0,75,-67,1,7.218,75,NA,NA,4.382,3.312,189.763621747329,75,0.13112735954821947,40
51,8,0,55,-11,1,5.435,-11,NA,NA,4.382,1.301,74.5418091465201,75,0.13112735954821947,29
51,9,-35,0,-62,1,3.333,0,100,0.7978766453866228,4.383,3.186,182.54435352868,100,0.7978766453866228,29
51,10,-30,0,-49,1,3.651,0,NA,NA,4.382,3.437,196.925594186464,100,0.7978766453866228,29
51,11,-35,0,-140,1,1.216,-140,50,-0.5356219262901839,4.383,1.05,60.1605684887364,50,-0.5356219262901839,-111
51,12,30,56,0,1,2.933,0,NA,NA,4.383,1.804,103.361586241601,50,-0.5356219262901839,-111
51,13,-35,0,-95,1,2.634,-95,NA,NA,4.382,0.547,31.340791393656,50,-0.5356219262901839,-206
51,14,55,117,0,1,2.918,117,100,0.7978766453866228,4.382,6.202,355.348424540137,100,0.7978766453866228,-89
51,15,0,75,-67,1,2.084,75,NA,NA,4.382,4.317,247.345880157976,100,0.7978766453866228,-14
51,16,35,95,0,1,3.45,95,NA,NA,4.383,3.814,218.526103062896,100,0.7978766453866228,81
51,17,55,120,0,1,1.884,120,100,0.7978766453866228,4.383,4.694,268.946389034408,100,0.7978766453866228,201
51,18,0,40,-36,0,4.434,0,NA,NA,NA,NA,NA,100,0.7978766453866228,201
51,19,30,55,0,1,2.518,55,NA,NA,4.382,3.94,225.745371281544,100,0.7978766453866228,256
51,20,0,75,-48,1,4.784,75,100,0.7978766453866228,4.382,5.197,297.766166129489,100,0.7978766453866228,331
51,21,55,107,0,1,2.035,0,NA,NA,4.38,2.306,132.124067557168,100,0.7978766453866228,331
51,22,45,82,0,1,1.351,0,50,-0.5356219262901839,4.382,0.296,16.9595507358724,50,-0.5356219262901839,331
51,23,0,75,-15,1,0.966,-15,NA,NA,4.383,1.929,110.523558680736,50,-0.5356219262901839,316
51,24,-30,0,-58,1,3.851,0,NA,NA,4.382,4.568,261.72712081576,50,-0.5356219262901839,316
51,25,-35,0,-70,1,2.918,-70,0,-1.8691204979669906,4.382,0.044,2.52101429857562,0,-1.8691204979669906,246
51,26,0,40,-8,1,1.5,40,NA,NA,4.382,5.951,340.967183882353,0,-1.8691204979669906,286
51,27,35,112,0,1,1.201,0,NA,NA,4.383,2.935,168.163112870897,0,-1.8691204979669906,286
51,28,-45,0,-122,1,1.968,-122,0,-1.8691204979669906,4.382,1.427,81.7610773651685,0,-1.8691204979669906,164
51,29,-55,0,-176,1,1.15,0,NA,NA,4.382,4.191,240.126611939328,0,-1.8691204979669906,164
51,30,0,55,-28,1,1.45,55,100,0.7978766453866228,4.383,3.186,182.54435352868,100,0.7978766453866228,219
52,1,-55,0,-100,1,12.819,0,50,0.3211468722116928,4.382,3.6,206.264806247096,50,0.3211468722116928,0
52,2,-35,0,-72,0,6.569,-35,NA,NA,NA,NA,NA,50,0.3211468722116928,-35
52,3,-30,0,-81,0,2.35,-30,45,-0.4496056210963691,NA,NA,NA,45,-0.4496056210963691,-65
52,4,45,180,0,1,5.667,180,NA,NA,4.384,3.348,191.8262698098,45,-0.4496056210963691,115
52,5,0,40,-54,0,4.715,0,NA,NA,NA,NA,NA,45,-0.4496056210963691,115
52,6,45,108,0,0,2.5,45,62,2.1709528561510414,NA,NA,NA,62,2.1709528561510414,160
52,7,0,55,-35,1,5.717,-35,NA,NA,4.383,2.092,119.862770741368,62,2.1709528561510414,125
52,8,-35,0,-60,1,2.518,-60,NA,NA,4.382,2.972,170.283056712881,62,2.1709528561510414,65
52,9,0,55,-110,0,3.699,0,38,-1.5286591117276558,NA,NA,NA,38,-1.5286591117276558,65
52,10,30,60,0,0,3.533,30,NA,NA,NA,NA,NA,38,-1.5286591117276558,95
52,11,0,75,-83,0,3.034,0,50,0.3211468722116928,NA,NA,NA,50,0.3211468722116928,95
52,12,0,40,-80,0,2.019,0,NA,NA,NA,NA,NA,50,0.3211468722116928,95
52,13,-30,0,-58,0,1.767,-30,NA,NA,NA,NA,NA,50,0.3211468722116928,65
52,14,-35,0,-70,0,2.101,-35,41,-1.0662076157428186,NA,NA,NA,41,-1.0662076157428186,30
52,15,0,55,-42,1,2.453,-42,NA,NA,4.481,2.72,155.844520275584,41,-1.0662076157428186,-12
52,16,30,72,0,1,2.319,0,NA,NA,4.381,2.72,155.844520275584,41,-1.0662076157428186,-12
52,17,35,76,0,0,2.601,35,50,0.3211468722116928,NA,NA,NA,50,0.3211468722116928,23
52,18,-55,0,-90,1,2.698,0,NA,NA,4.383,5.233,299.82881419196,50,0.3211468722116928,23
52,19,30,60,0,1,4.021,0,NA,NA,4.381,2.72,155.844520275584,50,0.3211468722116928,23
52,20,55,113,0,1,2.817,0,39,-1.3745086130660433,4.382,0.296,16.9595507358724,39,-1.3745086130660433,23
52,21,-45,0,-93,1,4.052,-93,NA,NA,4.383,1.678,96.1423180229521,39,-1.3745086130660433,-70
52,22,30,51,0,0,1.819,30,50,0.3211468722116928,NA,NA,NA,50,0.3211468722116928,-40
52,23,55,220,0,1,2.168,0,NA,NA,4.382,0.547,31.340791393656,50,0.3211468722116928,-40
52,24,-30,0,-49,1,2.634,-49,NA,NA,4.384,2.809,160.943844652248,50,0.3211468722116928,-89
52,25,30,62,0,1,2.235,62,50,0.3211468722116928,4.381,3.725,213.426778686232,50,0.3211468722116928,-27
52,26,0,40,-8,1,2.456,-8,NA,NA,4.379,1.087,62.2805123307205,50,0.3211468722116928,-35
52,27,45,144,0,1,1.968,144,NA,NA,4.385,5.987,343.029831944824,50,0.3211468722116928,109
52,28,-35,0,-60,0,3.533,-35,50,0.3211468722116928,NA,NA,NA,50,0.3211468722116928,74
52,29,-30,0,-60,0,2.283,-30,NA,NA,NA,NA,NA,50,0.3211468722116928,44
52,30,0,55,-74,0,4.684,0,50,0.3211468722116928,NA,NA,NA,50,0.3211468722116928,44
53,1,0,40,-54,1,9.051,-54,50,0.6297335119962094,4.379,0.584,33.4607352356401,50,0.6297335119962094,-54
53,2,30,81,0,0,3.449,30,NA,NA,NA,NA,NA,50,0.6297335119962094,-24
53,3,-55,0,-149,0,3.133,-55,50,0.6297335119962094,NA,NA,NA,50,0.6297335119962094,-79
53,4,-55,0,-103,1,6.547,-103,NA,NA,4.383,1.841,105.481530083585,50,0.6297335119962094,-182
53,5,-55,0,-149,0,8.266,-55,NA,NA,NA,NA,NA,50,0.6297335119962094,-237
53,6,55,220,0,1,4.703,220,62,1.366982501650308,4.379,6.113,350.249100163472,62,1.366982501650308,-17
53,7,55,94,0,0,4.699,55,NA,NA,NA,NA,NA,62,1.366982501650308,38
53,8,45,82,0,0,2.777,45,NA,NA,NA,NA,NA,62,1.366982501650308,83
53,9,0,55,-11,1,7.148,-11,50,0.6297335119962094,4.383,1.338,76.6617529885041,50,0.6297335119962094,72
53,10,35,95,0,0,4.914,35,NA,NA,NA,NA,NA,50,0.6297335119962094,107
53,11,30,56,0,0,4.766,30,50,0.6297335119962094,NA,NA,NA,50,0.6297335119962094,137
53,12,0,75,-75,1,3.668,-75,NA,NA,4.379,2.343,134.244011399152,50,0.6297335119962094,62
53,13,-55,0,-117,0,3.633,-55,NA,NA,NA,NA,NA,50,0.6297335119962094,7
53,14,0,75,-67,1,4.934,-67,32,-0.4761399724849388,4.383,1.841,105.481530083585,32,-0.4761399724849388,-60
53,15,45,77,0,0,4.219,45,NA,NA,NA,NA,NA,32,-0.4761399724849388,-15
53,16,30,53,0,0,3.621,30,NA,NA,NA,NA,NA,32,-0.4761399724849388,15
53,17,0,75,-101,1,2.551,-101,36,-0.23039030926690587,4.383,1.715,98.2622618649362,36,-0.23039030926690587,-86
53,18,0,75,-83,1,3.402,75,NA,NA,4.383,5.61,321.429323068392,36,-0.23039030926690587,-11
53,19,-45,0,-98,1,6.184,-98,NA,NA,4.379,2.72,155.844520275584,36,-0.23039030926690587,-109
53,20,30,96,0,0,4.633,30,50,0.6297335119962094,NA,NA,NA,50,0.6297335119962094,-79
53,21,-55,0,-97,0,7.352,-55,NA,NA,NA,NA,NA,50,0.6297335119962094,-134
53,22,-55,0,-117,1,5.184,-117,27,-0.7833270515074799,4.379,1.589,91.0429936462878,27,-0.7833270515074799,-251
53,23,0,75,-150,1,7.621,75,NA,NA,4.379,3.223,184.664297370664,27,-0.7833270515074799,-176
53,24,-30,0,-53,1,7,0,NA,NA,4.383,4.982,285.447573534176,27,-0.7833270515074799,-176
53,25,-55,0,-107,1,4.352,-107,39,-0.046078061853381175,4.379,3.097,177.445029152016,39,-0.046078061853381175,-283
53,26,55,110,0,1,7.23,0,NA,NA,4.383,0.081,4.64095814055967,39,-0.046078061853381175,-283
53,27,-45,0,-144,1,5.316,-144,NA,NA,4.387,0.458,26.2414670169917,39,-0.046078061853381175,-427
53,28,45,180,0,1,4.301,0,31,-0.537577388289447,4.383,2.595,148.682547836449,31,-0.537577388289447,-427
53,29,-35,0,-60,1,5.969,-60,NA,NA,4.383,2.469,141.4632796178,31,-0.537577388289447,-487
53,30,0,55,-110,1,5.75,-110,0,-2.442137278229202,4.379,1.841,105.481530083585,0,-2.442137278229202,-597
54,1,0,55,-110,1,11.366,55,50,-1.2901440233116082,4.384,4.354,249.46582399996,50,-1.2901440233116082,55
54,2,-45,0,-87,1,12.934,0,NA,NA,4.383,4.694,268.946389034408,50,-1.2901440233116082,55
54,3,0,75,-38,1,7.184,-38,50,-1.2901440233116082,4.383,2.343,134.244011399152,50,-1.2901440233116082,17
54,4,-55,0,-107,1,5.333,0,NA,NA,4.384,3.348,191.8262698098,50,-1.2901440233116082,17
54,5,-45,0,-108,0,6.95,-45,NA,NA,NA,NA,NA,50,-1.2901440233116082,-28
54,6,35,72,0,1,1.783,72,61,-0.11566808484862716,4.383,5.359,307.048082410608,61,-0.11566808484862716,44
54,7,0,40,-44,1,4.182,-44,NA,NA,4.383,2.972,170.283056712881,61,-0.11566808484862716,0
54,8,0,40,-26,1,3.016,40,NA,NA,4.383,4.479,256.627796439096,61,-0.11566808484862716,40
54,9,35,62,0,1,2.433,62,62,-0.008897544988356168,4.383,4.694,268.946389034408,62,-0.008897544988356168,102
54,10,0,40,-80,1,6.333,-80,NA,NA,4.383,0.333,19.0794945778564,62,-0.008897544988356168,22
54,11,45,77,0,1,1.349,0,50,-1.2901440233116082,4.383,1.678,96.1423180229521,50,-1.2901440233116082,22
54,12,0,75,-83,1,10.817,75,NA,NA,4.384,4.605,263.847064657744,50,-1.2901440233116082,97
54,13,35,66,0,1,2.952,66,NA,NA,4.382,3.851,220.64604690488,50,-1.2901440233116082,163
54,14,55,113,0,1,3.4,113,74,1.2723489333348956,4.383,3.94,225.745371281544,74,1.2723489333348956,276
54,15,0,40,-20,1,4.285,-20,NA,NA,4.382,1.301,74.5418091465201,74,1.2723489333348956,256
54,16,-55,0,-120,1,7.467,0,NA,NA,4.383,5.485,314.267350629257,74,1.2723489333348956,256
54,17,55,103,0,1,1.983,103,77,1.5926605529157087,4.384,6.113,350.249100163472,77,1.5926605529157087,359
54,18,-55,0,-117,0,7.067,-55,NA,NA,NA,NA,NA,77,1.5926605529157087,304
54,19,30,96,0,1,1.933,96,NA,NA,4.382,5.359,307.048082410608,77,1.5926605529157087,400
54,20,0,40,-26,1,3.851,-26,62,-0.008897544988356168,4.383,3.097,177.445029152016,62,-0.008897544988356168,374
54,21,-55,0,-97,1,6.1,0,NA,NA,4.384,5.61,321.429323068392,62,-0.008897544988356168,374
54,22,30,56,0,0,2.767,30,71,0.9520373137540827,NA,NA,NA,71,0.9520373137540827,404
54,23,-55,0,-117,0,9.1,-55,NA,NA,NA,NA,NA,71,0.9520373137540827,349
54,24,55,113,0,1,1.75,0,NA,NA,4.383,1.338,76.6617529885041,71,0.9520373137540827,349
54,25,-30,0,-72,1,17.701,0,70,0.8452667738938118,4.382,5.197,297.766166129489,70,0.8452667738938118,349
54,26,-35,0,-140,0,2.451,-35,NA,NA,NA,NA,NA,70,0.8452667738938118,314
54,27,-35,0,-68,1,2.8,-68,NA,NA,4.384,2.846,163.063788494232,70,0.8452667738938118,246
54,28,-30,0,-58,1,3.199,0,59,-0.32920916456916915,4.384,5.485,314.267350629257,59,-0.32920916456916915,246
54,29,35,72,0,1,1.7,0,NA,NA,4.383,1.212,69.4424847698558,59,-0.32920916456916915,246
54,30,30,62,0,1,4.217,0,59,-0.32920916456916915,4.382,2.306,132.124067557168,59,-0.32920916456916915,246
55,1,-30,0,-53,1,13.951,-53,43,0.16852080188568017,4.382,0.673,38.5600596123044,43,0.16852080188568017,-53
55,2,30,64,0,1,4.935,0,NA,NA,4.382,1.804,103.361586241601,43,0.16852080188568017,-53
55,3,30,64,0,1,3.322,0,29,-0.7447532212367147,4.412,1.678,96.1423180229521,29,-0.7447532212367147,-53
55,4,-30,0,-49,1,7.451,-49,NA,NA,4.382,0.924,52.9413002700881,29,-0.7447532212367147,-102
55,5,0,40,-54,1,5.054,-54,NA,NA,4.38,3.06,175.325085310032,29,-0.7447532212367147,-156
55,6,30,58,0,1,3.217,0,29,-0.7447532212367147,4.383,1.05,60.1605684887364,29,-0.7447532212367147,-156
55,7,-45,0,-77,1,2.235,-77,NA,NA,4.382,2.055,117.742826899384,29,-0.7447532212367147,-233
55,8,0,75,-15,1,2.668,75,NA,NA,4.384,3.814,218.526103062896,29,-0.7447532212367147,-158
55,9,0,55,-28,1,2.551,-28,34,-0.41858392726443083,4.383,0.924,52.9413002700881,34,-0.41858392726443083,-186
55,10,35,57,0,0,4.55,35,NA,NA,NA,NA,NA,34,-0.41858392726443083,-151
55,11,-45,0,-108,1,6.866,0,50,0.6251578134468776,4.383,4.82,276.165657253057,50,0.6251578134468776,-151
55,12,-35,0,-72,1,4.901,-72,NA,NA,4.382,2.935,168.163112870897,50,0.6251578134468776,-223
55,13,-45,0,-90,1,4.784,-90,NA,NA,4.382,2.683,153.7245764336,50,0.6251578134468776,-313
55,14,45,95,0,1,2.534,0,50,0.6251578134468776,4.381,2.683,153.7245764336,50,0.6251578134468776,-313
55,15,0,40,-40,1,2.132,40,NA,NA,4.384,5.197,297.766166129489,50,0.6251578134468776,-273
55,16,35,76,0,0,3.519,35,NA,NA,NA,NA,NA,50,0.6251578134468776,-238
55,17,0,75,-83,1,2.869,75,50,0.6251578134468776,4.381,3.689,211.364130623761,50,0.6251578134468776,-163
55,18,30,55,0,0,3.617,30,NA,NA,NA,NA,NA,50,0.6251578134468776,-133
55,19,0,55,-35,1,6.351,-35,NA,NA,4.383,0.421,24.1215231750077,50,0.6251578134468776,-168
55,20,-45,0,-144,1,3.386,0,50,0.6251578134468776,4.38,4.191,240.126611939328,50,0.6251578134468776,-168
55,21,-35,0,-70,1,5.468,-70,NA,NA,4.382,0.296,16.9595507358724,50,0.6251578134468776,-238
55,22,-35,0,-140,1,6.051,0,50,0.6251578134468776,4.382,3.689,211.364130623761,50,0.6251578134468776,-238
55,23,0,40,-36,1,3.588,-36,NA,NA,4.379,2.558,146.562603994465,50,0.6251578134468776,-274
55,24,-45,0,-77,1,3.969,-77,NA,NA,4.381,0.673,38.5600596123044,50,0.6251578134468776,-351
55,25,0,75,-150,1,2.053,-150,0,-2.636535126275961,4.381,3.06,175.325085310032,0,-2.636535126275961,-501
55,26,-30,0,-58,1,6.27,0,NA,NA,4.379,4.443,254.565148376625,0,-2.636535126275961,-501
55,27,55,176,0,1,2.317,176,NA,NA,4.384,6.076,348.129156321488,0,-2.636535126275961,-325
55,28,55,149,0,0,2.087,55,50,0.6251578134468776,NA,NA,NA,50,0.6251578134468776,-270
55,29,35,62,0,0,3.231,35,NA,NA,NA,NA,NA,50,0.6251578134468776,-235
55,30,45,144,0,0,1.883,45,50,0.6251578134468776,NA,NA,NA,50,0.6251578134468776,-190
56,1,30,72,0,1,9.954,0,32,-0.8344772779755322,4.38,0.458,26.2414670169917,32,-0.8344772779755322,0
56,2,45,102,0,1,4.966,102,NA,NA,4.383,4.982,285.447573534176,32,-0.8344772779755322,102
56,3,-45,0,-93,0,5.218,-45,40,-0.5879855281735288,NA,NA,NA,40,-0.5879855281735288,57
56,4,0,55,-42,1,2.035,55,NA,NA,4.38,3.348,191.8262698098,40,-0.5879855281735288,112
56,5,35,60,0,1,4.815,60,NA,NA,4.383,5.862,335.867859505689,40,-0.5879855281735288,172
56,6,-30,0,-96,0,2.67,-30,74,0.4596044084849853,NA,NA,NA,74,0.4596044084849853,142
56,7,-35,0,-66,0,3.733,-35,NA,NA,NA,NA,NA,74,0.4596044084849853,107
56,8,-45,0,-85,0,2.684,-45,NA,NA,NA,NA,NA,74,0.4596044084849853,62
56,9,45,74,0,1,2.723,74,66,0.21311265868298196,4.379,5.108,292.666841752824,66,0.21311265868298196,136
56,10,55,149,0,1,1.754,149,NA,NA,4.38,4.102,235.027287562664,66,0.21311265868298196,285
56,11,-30,0,-53,0,3.35,-30,91,0.9833993768142423,NA,NA,NA,91,0.9833993768142423,255
56,12,0,75,-38,0,2.936,0,NA,NA,NA,NA,NA,91,0.9833993768142423,255
56,13,-35,0,-62,0,1.666,-35,NA,NA,NA,NA,NA,91,0.9833993768142423,220
56,14,35,66,0,1,4.601,0,36,-0.7112314030745305,4.383,2.092,119.862770741368,36,-0.7112314030745305,220
56,15,0,55,-110,0,2.016,0,NA,NA,NA,NA,NA,36,-0.7112314030745305,220
56,16,0,75,-48,0,1.883,0,NA,NA,NA,NA,NA,36,-0.7112314030745305,220
56,17,55,97,0,1,3.55,97,100,1.260702595341496,4.382,4.605,263.847064657744,100,1.260702595341496,317
56,18,0,55,-74,0,2.869,0,NA,NA,NA,NA,NA,100,1.260702595341496,317
56,19,-30,0,-56,0,4.469,-30,NA,NA,NA,NA,NA,100,1.260702595341496,287
56,20,55,149,0,1,1.686,149,100,1.260702595341496,4.38,3.223,184.664297370664,100,1.260702595341496,436
56,21,-30,0,-55,0,1.486,-30,NA,NA,NA,NA,NA,100,1.260702595341496,406
56,22,-35,0,-62,0,2.117,-35,0,-1.8204442771835454,NA,NA,NA,0,-1.8204442771835454,371
56,23,30,72,0,1,3.403,0,NA,NA,4.384,1.212,69.4424847698558,0,-1.8204442771835454,371
56,24,0,75,-75,0,2.417,0,NA,NA,NA,NA,NA,0,-1.8204442771835454,371
56,25,55,117,0,1,1.917,0,72,0.39798147103448445,4.386,0.961,55.0612441120721,72,0.39798147103448445,371
56,26,0,40,-20,0,1.533,0,NA,NA,NA,NA,NA,72,0.39798147103448445,371
56,27,-45,0,-98,0,1.835,-45,NA,NA,NA,NA,NA,72,0.39798147103448445,326
56,28,0,75,-26,0,2.867,0,76,0.5212273459354861,NA,NA,NA,76,0.5212273459354861,326
56,29,45,93,0,1,1.717,0,NA,NA,4.385,1.715,98.2622618649362,76,0.5212273459354861,326
56,30,-35,0,-64,0,1.819,-35,22,-1.1425919652280363,NA,NA,NA,22,-1.1425919652280363,291
57,1,0,40,-20,1,8.651,40,50,-0.7386710503565986,4.382,5.736,328.64859128704,50,-0.7386710503565986,40
57,2,0,40,-26,1,4.502,40,NA,NA,4.382,4.354,249.46582399996,50,-0.7386710503565986,80
57,3,-45,0,-144,0,6.4,-45,70,0.7386710503565986,NA,NA,NA,70,0.7386710503565986,35
57,4,0,75,-75,1,6.785,75,NA,NA,4.382,4.066,232.964639500193,70,0.7386710503565986,110
57,5,45,77,0,0,5.668,45,NA,NA,NA,NA,NA,70,0.7386710503565986,155
57,6,-55,0,-176,0,4.234,-55,79,1.4034749956775374,NA,NA,NA,79,1.4034749956775374,100
57,7,-30,0,-65,0,8.334,-30,NA,NA,NA,NA,NA,79,1.4034749956775374,70
57,8,-35,0,-74,0,4.834,-35,NA,NA,NA,NA,NA,79,1.4034749956775374,35
57,9,30,64,0,1,4.45,64,74,1.034139470499238,4.383,4.191,240.126611939328,74,1.034139470499238,99
57,10,-45,0,-95,0,7.879,-45,NA,NA,NA,NA,NA,74,1.034139470499238,54
57,11,-55,0,-132,0,4.485,-55,50,-0.7386710503565986,NA,NA,NA,50,-0.7386710503565986,-1
57,12,-55,0,-117,0,4.417,-55,NA,NA,NA,NA,NA,50,-0.7386710503565986,-56
57,13,35,66,0,0,3.801,35,NA,NA,NA,NA,NA,50,-0.7386710503565986,-21
57,14,35,62,0,0,2.417,35,75,1.1080065755348978,NA,NA,NA,75,1.1080065755348978,14
57,15,-55,0,-117,0,6.4,-55,NA,NA,NA,NA,NA,75,1.1080065755348978,-41
57,16,0,55,-11,1,8.616,-11,NA,NA,4.383,1.678,96.1423180229521,75,1.1080065755348978,-52
57,17,55,97,0,0,5.802,55,57,-0.22160131510697959,NA,NA,NA,57,-0.22160131510697959,3
57,18,0,75,-58,1,6.433,-58,NA,NA,4.383,0.296,16.9595507358724,57,-0.22160131510697959,-55
57,19,0,55,-55,0,6.1,0,NA,NA,NA,NA,NA,57,-0.22160131510697959,-55
57,20,35,64,0,0,4.648,35,50,-0.7386710503565986,NA,NA,NA,50,-0.7386710503565986,-20
57,21,55,132,0,1,3.867,0,NA,NA,4.383,2.935,168.163112870897,50,-0.7386710503565986,-20
57,22,30,120,0,1,3.719,120,50,-0.7386710503565986,4.381,4.568,261.72712081576,50,-0.7386710503565986,100
57,23,0,40,-26,1,4.718,40,NA,NA,4.382,5.448,312.147406787273,50,-0.7386710503565986,140
57,24,45,90,0,0,4.534,45,NA,NA,NA,NA,NA,50,-0.7386710503565986,185
57,25,-55,0,-94,1,7.151,-94,40,-1.4773421007131973,4.382,0.296,16.9595507358724,40,-1.4773421007131973,91
57,26,-35,0,-112,0,3.951,-35,NA,NA,NA,NA,NA,40,-1.4773421007131973,56
57,27,-30,0,-68,0,3.633,-30,NA,NA,NA,NA,NA,40,-1.4773421007131973,26
57,28,0,40,-40,0,4.834,0,50,-0.7386710503565986,NA,NA,NA,50,-0.7386710503565986,26
57,29,55,124,0,1,4.134,124,NA,NA,4.383,3.851,220.64604690488,50,-0.7386710503565986,150
57,30,55,149,0,1,3.818,149,75,1.1080065755348978,4.382,5.825,333.747915663705,75,1.1080065755348978,299
58,1,-30,0,-81,0,12.483,-30,37,-0.7691893938296565,NA,NA,NA,37,-0.7691893938296565,-30
58,2,35,79,0,1,10.516,0,NA,NA,4.384,0.333,19.0794945778564,37,-0.7691893938296565,-30
58,3,-30,0,-64,0,8.249,-30,35,-1.0153299998551466,NA,NA,NA,35,-1.0153299998551466,-60
58,4,0,40,-80,1,6.701,-80,NA,NA,4.383,1.338,76.6617529885041,35,-1.0153299998551466,-140
58,5,-35,0,-62,0,4.217,-35,NA,NA,NA,NA,NA,35,-1.0153299998551466,-175
58,6,30,55,0,1,3.383,55,40,-0.39997848479142134,4.383,3.725,213.426778686232,40,-0.39997848479142134,-120
58,7,0,40,-20,1,3.583,40,NA,NA,4.383,3.6,206.264806247096,40,-0.39997848479142134,-80
58,8,30,58,0,1,3.383,58,NA,NA,4.383,3.725,213.426778686232,40,-0.39997848479142134,-22
58,9,0,55,-42,0,4.436,0,53,1.1999354543742642,NA,NA,NA,53,1.1999354543742642,-22
58,10,0,75,-83,0,4.633,0,NA,NA,NA,NA,NA,53,1.1999354543742642,-22
58,11,30,120,0,1,3.35,120,53,1.1999354543742642,4.383,6.113,350.249100163472,53,1.1999354543742642,98
58,12,-30,0,-55,1,11.084,0,NA,NA,4.381,4.945,283.327629692192,53,1.1999354543742642,98
58,13,45,180,0,1,4.983,0,NA,NA,4.383,1.715,98.2622618649362,53,1.1999354543742642,98
58,14,-45,0,-102,0,4.466,-45,44,0.09230272725955878,NA,NA,NA,44,0.09230272725955878,53
58,15,55,107,0,1,4.333,107,NA,NA,4.383,4.317,247.345880157976,44,0.09230272725955878,160
58,16,55,132,0,1,4.799,132,NA,NA,4.384,4.982,285.447573534176,44,0.09230272725955878,292
58,17,45,98,0,0,4.516,45,59,1.9383572724507343,NA,NA,NA,59,1.9383572724507343,337
58,18,0,55,-35,1,6.667,-35,NA,NA,4.383,0.081,4.64095814055967,59,1.9383572724507343,302
58,19,-35,0,-79,0,4.484,-35,NA,NA,NA,NA,NA,59,1.9383572724507343,267
58,20,-55,0,-149,0,4.35,-55,45,0.2153730302723038,NA,NA,NA,45,0.2153730302723038,212
58,21,-45,0,-98,1,5.183,0,NA,NA,4.383,5.359,307.048082410608,45,0.2153730302723038,212
58,22,55,220,0,1,3.251,0,45,0.2153730302723038,4.383,2.092,119.862770741368,45,0.2153730302723038,212
58,23,0,55,-55,1,6.251,-55,NA,NA,4.383,2.595,148.682547836449,45,0.2153730302723038,157
58,24,-55,0,-113,0,3.401,-55,NA,NA,NA,NA,NA,45,0.2153730302723038,102
58,25,0,75,-67,1,3.801,-67,37,-0.7691893938296565,4.383,2.432,139.343335775816,37,-0.7691893938296565,35
58,26,35,79,0,1,4.6,0,NA,NA,4.383,0.207,11.860226359208,37,-0.7691893938296565,35
58,27,30,60,0,1,3.467,0,NA,NA,4.383,1.087,62.2805123307205,37,-0.7691893938296565,35
58,28,0,75,-48,1,3.334,-48,34,-1.1384003028678915,4.383,2.972,170.283056712881,34,-1.1384003028678915,-13
58,29,-30,0,-60,0,4.184,-30,NA,NA,NA,NA,NA,34,-1.1384003028678915,-43
58,30,-45,0,-87,1,5.117,-87,37,-0.7691893938296565,4.384,2.846,163.063788494232,37,-0.7691893938296565,-130
59,1,-55,0,-117,0,11.267,-55,69,0.45771825939683836,NA,NA,NA,69,0.45771825939683836,-55
59,2,0,40,-20,1,7.668,40,NA,NA,4.382,3.348,191.8262698098,69,0.45771825939683836,-15
59,3,-30,0,-60,0,4.517,-30,77,1.5294488179845558,NA,NA,NA,77,1.5294488179845558,-45
59,4,35,84,0,0,345.85,35,NA,NA,NA,NA,NA,77,1.5294488179845558,-10
59,5,-35,0,-140,1,4.317,-140,NA,NA,4.383,2.092,119.862770741368,77,1.5294488179845558,-150
59,6,30,65,0,1,2.634,0,50,-2.087641817248991,4.383,0.458,26.2414670169917,50,-2.087641817248991,-150
59,7,-55,0,-120,0,3.6,-55,NA,NA,NA,NA,NA,50,-2.087641817248991,-205
59,8,35,76,0,1,2.768,0,NA,NA,4.382,1.841,105.481530083585,50,-2.087641817248991,-205
59,9,0,75,-15,1,4.101,75,64,-0.21211333972048513,4.383,4.102,235.027287562664,64,-0.21211333972048513,-130
59,10,-55,0,-100,0,2.566,-55,NA,NA,NA,NA,NA,64,-0.21211333972048513,-185
59,11,-35,0,-57,1,12.118,-57,54,-1.551776537955132,4.383,2.343,134.244011399152,54,-1.551776537955132,-242
59,12,0,75,-75,0,13.2,0,NA,NA,NA,NA,NA,54,-1.551776537955132,-242
59,13,0,75,-83,0,3.433,0,NA,NA,NA,NA,NA,54,-1.551776537955132,-242
59,14,0,40,-8,1,2.335,40,71,0.7256508990437677,4.382,5.359,307.048082410608,71,0.7256508990437677,-202
59,15,0,40,-80,1,5.3,40,NA,NA,4.383,5.736,328.64859128704,71,0.7256508990437677,-162
59,16,45,77,0,1,2.468,77,NA,NA,4.383,5.485,314.267350629257,71,0.7256508990437677,-85
59,17,-30,0,-58,0,1.599,-30,71,0.7256508990437677,NA,NA,NA,71,0.7256508990437677,-115
59,18,45,93,0,1,3.884,0,NA,NA,4.382,0.961,55.0612441120721,71,0.7256508990437677,-115
59,19,35,84,0,1,1.817,0,NA,NA,4.383,0.333,19.0794945778564,71,0.7256508990437677,-115
59,20,35,76,0,1,1.951,0,67,0.18978561974990896,4.382,0.458,26.2414670169917,67,0.18978561974990896,-115
59,21,-35,0,-140,0,2.867,-35,NA,NA,NA,NA,NA,67,0.18978561974990896,-150
59,22,-55,0,-176,0,5.766,-55,64,-0.21211333972048513,NA,NA,NA,64,-0.21211333972048513,-205
59,23,55,103,0,1,8.167,0,NA,NA,4.383,2.343,134.244011399152,64,-0.21211333972048513,-205
59,24,55,132,0,1,1.783,0,NA,NA,4.383,0.584,33.4607352356401,64,-0.21211333972048513,-205
59,25,0,75,-83,0,2.7,0,67,0.18978561974990896,NA,NA,NA,67,0.18978561974990896,-205
59,26,-45,0,-87,0,7.383,-45,NA,NA,NA,NA,NA,67,0.18978561974990896,-250
59,27,-35,0,-68,0,1.667,-35,NA,NA,NA,NA,NA,67,0.18978561974990896,-285
59,28,55,97,0,1,3.247,97,63,-0.3460796595439498,4.382,3.977,227.865315123528,63,-0.3460796595439498,-188
59,29,0,55,-28,1,2.683,55,NA,NA,4.383,3.348,191.8262698098,63,-0.3460796595439498,-133
59,30,45,180,0,1,24.4,0,70,0.591684579220303,4.384,0.333,19.0794945778564,70,0.591684579220303,-133
60,1,-55,0,-94,1,5.782,0,72,0.8616782122042761,4.384,5.071,290.54689791084,72,0.8616782122042761,0
60,2,45,90,0,1,3.251,90,NA,NA,4.38,5.862,335.867859505689,72,0.8616782122042761,90
60,3,45,90,0,0,2.434,45,70,0.8004939604501263,NA,NA,NA,70,0.8004939604501263,135
60,4,-30,0,-96,1,3.4,-96,NA,NA,4.385,0.333,19.0794945778564,70,0.8004939604501263,39
60,5,0,55,-35,1,3.484,-35,NA,NA,4.379,2.846,163.063788494232,70,0.8004939604501263,4
60,6,30,51,0,0,2.468,30,68,0.7393097086959766,NA,NA,NA,68,0.7393097086959766,34
60,7,-30,0,-49,1,5.489,-49,NA,NA,4.381,0.584,33.4607352356401,68,0.7393097086959766,-15
60,8,45,95,0,1,3.381,0,NA,NA,4.384,2.469,141.4632796178,68,0.7393097086959766,-15
60,9,0,40,-8,1,3.387,-8,6,-1.157402095682667,4.379,2.72,155.844520275584,6,-1.157402095682667,-23
60,10,0,40,-36,1,3.417,40,NA,NA,4.383,5.987,343.029831944824,6,-1.157402095682667,17
60,11,35,72,0,1,1.534,0,56,0.3722041981710778,4.385,1.589,91.0429936462878,56,0.3722041981710778,17
60,12,0,40,-31,1,1.551,-31,NA,NA,4.383,2.092,119.862770741368,56,0.3722041981710778,-14
60,13,0,40,-20,1,1.434,-20,NA,NA,4.381,1.464,83.8810212071525,56,0.3722041981710778,-34
60,14,45,85,0,1,5.434,85,71,0.8310860863272012,4.381,4.354,249.46582399996,71,0.8310860863272012,51
60,15,55,149,0,1,1.451,0,NA,NA,4.381,2.306,132.124067557168,71,0.8310860863272012,51
60,16,-35,0,-84,1,3.381,0,NA,NA,4.383,6.202,355.348424540137,71,0.8310860863272012,51
60,17,0,55,-74,1,1.45,55,83,1.1981915968521,4.384,4.317,247.345880157976,83,1.1981915968521,106
60,18,-45,0,-102,1,7.413,0,NA,NA,4.383,3.348,191.8262698098,83,1.1981915968521,106
60,19,-30,0,-120,1,3.369,-120,NA,NA,4.38,1.678,96.1423180229521,83,1.1981915968521,-14
60,20,55,107,0,1,1.551,0,0,-1.3409548509451161,4.382,1.05,60.1605684887364,0,-1.3409548509451161,-14
60,21,0,75,-58,1,1.436,-58,NA,NA,4.379,1.678,96.1423180229521,0,-1.3409548509451161,-72
60,22,-45,0,-77,1,3.252,-77,0,-1.3409548509451161,4.383,0.584,33.4607352356401,0,-1.3409548509451161,-149
60,23,35,62,0,1,6.056,62,NA,NA,4.376,5.699,326.528647445056,0,-1.3409548509451161,-87
60,24,-45,0,-95,1,3.367,-95,NA,NA,4.38,0.044,2.52101429857562,0,-1.3409548509451161,-182
60,25,-45,0,-93,1,1.601,0,50,0.18865144290862843,4.382,6.202,355.348424540137,50,0.18865144290862843,-182
60,26,55,90,0,1,1.742,0,NA,NA,4.376,1.175,67.3225409278717,50,0.18865144290862843,-182
60,27,-45,0,-77,1,2.969,-77,NA,NA,4.38,1.175,67.3225409278717,50,0.18865144290862843,-259
60,28,55,149,0,1,3.848,0,0,-1.3409548509451161,4.381,0.547,31.340791393656,0,-1.3409548509451161,-259
60,29,-45,0,-85,1,2.718,-85,NA,NA,4.384,2.809,160.943844652248,0,-1.3409548509451161,-344
60,30,0,40,-36,1,2.569,40,50,0.18865144290862843,4.382,3.312,189.763621747329,50,0.18865144290862843,-304
61,1,0,55,-19,1,4.067,-19,63,1.45809550631319,4.382,0.044,2.52101429857562,63,1.45809550631319,-19
61,2,55,132,0,1,6.266,0,NA,NA,4.382,1.212,69.4424847698558,63,1.45809550631319,-19
61,3,0,75,-15,1,2.684,75,64,1.5186392643607964,4.382,3.437,196.925594186464,64,1.5186392643607964,56
61,4,0,40,-80,0,6.433,0,NA,NA,NA,NA,NA,64,1.5186392643607964,56
61,5,45,82,0,1,3.551,0,NA,NA,4.383,1.678,96.1423180229521,64,1.5186392643607964,56
61,6,-35,0,-70,0,2.284,-35,67,1.700270538503616,NA,NA,NA,67,1.700270538503616,21
61,7,0,40,-40,1,2.384,40,NA,NA,4.383,6.239,357.468368382121,67,1.700270538503616,61
61,8,-55,0,-97,0,2.584,-55,NA,NA,NA,NA,NA,67,1.700270538503616,6
61,9,-55,0,-90,1,5.152,-90,40,0.06558907121824052,4.381,1.175,67.3225409278717,40,0.06558907121824052,-84
61,10,55,117,0,1,3.869,0,NA,NA,4.382,0.17,9.740282517224,40,0.06558907121824052,-84
61,11,-55,0,-117,1,4.067,-117,29,-0.6003922673054309,4.382,1.966,112.64350252272,29,-0.6003922673054309,-201
61,12,0,40,-54,0,4.749,0,NA,NA,NA,NA,NA,29,-0.6003922673054309,-201
61,13,-45,0,-180,1,3.25,-180,NA,NA,4.384,2.683,153.7245764336,29,-0.6003922673054309,-381
61,14,0,40,-40,1,3.218,40,34,-0.2976734770673985,4.382,4.443,254.565148376625,34,-0.2976734770673985,-341
61,15,-35,0,-140,1,6.284,-140,NA,NA,4.383,2.306,132.124067557168,34,-0.2976734770673985,-481
61,16,-35,0,-70,1,5.534,-70,NA,NA,4.383,1.678,96.1423180229521,34,-0.2976734770673985,-551
61,17,30,56,0,1,4.268,56,27,-0.721479783400644,4.383,3.186,182.54435352868,27,-0.721479783400644,-495
61,18,30,96,0,1,3.934,0,NA,NA,4.382,2.809,160.943844652248,27,-0.721479783400644,-495
61,19,0,55,-19,1,4.233,55,NA,NA,4.384,4.82,276.165657253057,27,-0.721479783400644,-440
61,20,-45,0,-79,1,3.568,0,34,-0.2976734770673985,4.383,3.689,211.364130623761,34,-0.2976734770673985,-440
61,21,35,57,0,1,3.267,57,NA,NA,4.383,3.689,211.364130623761,34,-0.2976734770673985,-383
61,22,45,85,0,1,2.334,0,37,-0.11604220292457898,4.383,2.181,124.962095118033,37,-0.11604220292457898,-383
61,23,55,117,0,1,2.317,0,NA,NA,4.383,1.929,110.523558680736,37,-0.11604220292457898,-383
61,24,30,51,0,1,2.484,51,NA,NA,4.383,4.568,261.72712081576,37,-0.11604220292457898,-332
61,25,-45,0,-122,1,3.566,-122,23,-0.9636548155910699,4.384,3.06,175.325085310032,23,-0.9636548155910699,-454
61,26,-55,0,-94,1,3.584,0,NA,NA,4.383,6.076,348.129156321488,23,-0.9636548155910699,-454
61,27,55,100,0,1,2.652,0,NA,NA,4.381,1.804,103.361586241601,23,-0.9636548155910699,-454
61,28,0,40,-44,1,3.018,-44,29,-0.6003922673054309,4.382,0.547,31.340791393656,29,-0.6003922673054309,-498
61,29,35,68,0,0,2.851,35,NA,NA,NA,NA,NA,29,-0.6003922673054309,-463
61,30,-35,0,-64,1,4.884,-64,20,-1.1452860897338895,4.383,2.683,153.7245764336,20,-1.1452860897338895,-527
62,1,-55,0,-117,1,7.15,-117,54,-0.535502807140864,4.383,2.469,141.4632796178,54,-0.535502807140864,-117
62,2,35,72,0,1,5.234,72,NA,NA,4.384,3.223,184.664297370664,54,-0.535502807140864,-45
62,3,35,76,0,0,3.251,35,60,1.140853806517495,NA,NA,NA,60,1.140853806517495,-10
62,4,55,113,0,1,2.767,0,NA,NA,4.384,1.966,112.64350252272,60,1.140853806517495,-10
62,5,30,49,0,0,2.666,30,NA,NA,NA,NA,NA,60,1.140853806517495,20
62,6,45,90,0,1,3.618,0,55,-0.2561100381978042,4.383,0.207,11.860226359208,55,-0.2561100381978042,20
62,7,0,55,-11,1,3.034,55,NA,NA,4.383,3.474,199.045538028448,55,-0.2561100381978042,75
62,8,0,55,-35,0,5.517,0,NA,NA,NA,NA,NA,55,-0.2561100381978042,75
62,9,55,124,0,1,2.918,0,55,-0.2561100381978042,4.382,0.835,47.8419758934237,55,-0.2561100381978042,75
62,10,-55,0,-120,0,4.384,-55,NA,NA,NA,NA,NA,55,-0.2561100381978042,20
62,11,-35,0,-140,0,2.585,-35,50,-1.6530738829131033,NA,NA,NA,50,-1.6530738829131033,-15
62,12,-55,0,-220,0,3.449,-55,NA,NA,NA,NA,NA,50,-1.6530738829131033,-70
62,13,-30,0,-81,0,2.483,-30,NA,NA,NA,NA,NA,50,-1.6530738829131033,-100
62,14,55,149,0,1,2.019,149,63,1.9790321133466744,4.382,4.731,271.066332876392,63,1.9790321133466744,49
62,15,0,40,-36,0,2.452,0,NA,NA,NA,NA,NA,63,1.9790321133466744,49
62,16,-30,0,-51,1,2.752,0,NA,NA,4.383,3.977,227.865315123528,63,1.9790321133466744,49
62,17,35,140,0,1,3.767,0,59,0.8614610375744352,4.383,3.097,177.445029152016,59,0.8614610375744352,49
62,18,0,40,-31,0,3.484,0,NA,NA,NA,NA,NA,59,0.8614610375744352,49
62,19,0,75,-83,0,2.984,0,NA,NA,NA,NA,NA,59,0.8614610375744352,49
62,20,0,55,-28,1,10.734,-28,55,-0.2561100381978042,4.384,3.06,175.325085310032,55,-0.2561100381978042,21
62,21,35,84,0,1,4.834,0,NA,NA,4.383,0.961,55.0612441120721,55,-0.2561100381978042,21
62,22,45,85,0,1,1.833,0,58,0.5820682686313753,4.383,0.961,55.0612441120721,58,0.5820682686313753,21
62,23,-30,0,-60,0,2.049,-30,NA,NA,NA,NA,NA,58,0.5820682686313753,-9
62,24,-35,0,-95,0,3.183,-35,NA,NA,NA,NA,NA,58,0.5820682686313753,-44
62,25,-55,0,-220,0,2.349,-55,54,-0.535502807140864,NA,NA,NA,54,-0.535502807140864,-99
62,26,0,55,-110,1,7.901,55,NA,NA,4.383,3.6,206.264806247096,54,-0.535502807140864,-44
62,27,45,180,0,1,2.217,0,NA,NA,4.384,3.097,177.445029152016,54,-0.535502807140864,-44
62,28,-35,0,-66,1,4.667,0,56,0.023282730745255647,4.384,3.977,227.865315123528,56,0.023282730745255647,-44
62,29,-35,0,-72,1,3.968,0,NA,NA,4.383,3.223,184.664297370664,56,0.023282730745255647,-44
62,30,0,75,-48,0,8.417,0,52,-1.0942883450269836,NA,NA,NA,52,-1.0942883450269836,-44
63,1,-45,0,-122,1,4.633,-122,50,-0.1692508000965837,4.383,0.044,2.52101429857562,50,-0.1692508000965837,-122
63,2,-55,0,-176,1,4.8,-176,NA,NA,4.384,2.055,117.742826899384,50,-0.1692508000965837,-298
63,3,-35,0,-72,1,3.649,0,50,-0.1692508000965837,4.384,3.689,211.364130623761,50,-0.1692508000965837,-298
63,4,0,75,-101,1,4.934,75,NA,NA,4.383,5.825,333.747915663705,50,-0.1692508000965837,-223
63,5,-45,0,-77,1,4.433,-77,NA,NA,4.384,0.044,2.52101429857562,50,-0.1692508000965837,-300
63,6,0,55,-55,1,5.867,-55,48,-1.1847556006760787,4.383,2.935,168.163112870897,48,-1.1847556006760787,-355
63,7,30,72,0,1,6.069,0,NA,NA,4.381,2.558,146.562603994465,48,-1.1847556006760787,-355
63,8,0,55,-61,0,5.684,0,NA,NA,NA,NA,NA,48,-1.1847556006760787,-355
63,9,45,82,0,1,5,82,54,1.8617588010624062,4.384,4.694,268.946389034408,54,1.8617588010624062,-273
63,10,45,77,0,1,5.551,0,NA,NA,4.383,1.589,91.0429936462878,54,1.8617588010624062,-273
63,11,30,72,0,1,4.768,0,50,-0.1692508000965837,4.383,0.71,40.6800034542884,50,-0.1692508000965837,-273
63,12,-35,0,-64,1,4.55,0,NA,NA,4.384,4.317,247.345880157976,50,-0.1692508000965837,-273
63,13,-30,0,-68,1,3.617,-68,NA,NA,4.384,1.338,76.6617529885041,50,-0.1692508000965837,-341
63,14,35,112,0,1,2,112,53,1.3540064007726589,4.383,6.076,348.129156321488,53,1.3540064007726589,-229
63,15,-55,0,-94,1,3.918,0,NA,NA,4.384,4.982,285.447573534176,53,1.3540064007726589,-229
63,16,0,55,-28,0,6.701,0,NA,NA,NA,NA,NA,53,1.3540064007726589,-229
63,17,-30,0,-51,1,5.684,-51,48,-1.1847556006760787,4.383,0.835,47.8419758934237,48,-1.1847556006760787,-280
63,18,-45,0,-95,1,5.385,-95,NA,NA,4.382,0.924,52.9413002700881,48,-1.1847556006760787,-375
63,19,0,40,-26,0,29.934,0,NA,NA,NA,NA,NA,48,-1.1847556006760787,-375
63,20,55,117,0,1,1.649,0,49,-0.6770032003863312,4.384,2.055,117.742826899384,49,-0.6770032003863312,-375
63,21,55,120,0,1,2.784,120,NA,NA,4.384,5.862,335.867859505689,49,-0.6770032003863312,-255
63,22,0,55,-49,0,2.618,0,51,0.3385016001931638,NA,NA,NA,51,0.3385016001931638,-255
63,23,-30,0,-60,1,3.566,-60,NA,NA,4.384,2.935,168.163112870897,51,0.3385016001931638,-315
63,24,-30,0,-49,1,2.551,-49,NA,NA,4.384,1.212,69.4424847698558,51,0.3385016001931638,-364
63,25,0,55,-35,0,2.9,0,48,-1.1847556006760787,NA,NA,NA,48,-1.1847556006760787,-364
63,26,35,140,0,1,2.634,0,NA,NA,4.384,0.458,26.2414670169917,48,-1.1847556006760787,-364
63,27,35,72,0,1,2.235,72,NA,NA,4.382,5.987,343.029831944824,48,-1.1847556006760787,-292
63,28,35,60,0,0,2.717,35,52,0.8462540004829113,NA,NA,NA,52,0.8462540004829113,-257
63,29,55,149,0,0,3.1,55,NA,NA,NA,NA,NA,52,0.8462540004829113,-202
63,30,0,55,-19,0,2.6,0,51,0.3385016001931638,NA,NA,NA,51,0.3385016001931638,-202
64,1,0,55,-42,1,16.267,55,50,-0.3407116449967483,4.382,5.359,307.048082410608,50,-0.3407116449967483,55
64,2,30,81,0,1,9.118,0,NA,NA,4.382,0.458,26.2414670169917,50,-0.3407116449967483,55
64,3,-30,0,-56,1,20.935,-56,33,-1.539076741192207,4.382,1.212,69.4424847698558,33,-1.539076741192207,-1
64,4,-45,0,-108,0,3.3,-45,NA,NA,NA,NA,NA,33,-1.539076741192207,-46
64,5,-55,0,-149,0,4.033,-55,NA,NA,NA,NA,NA,33,-1.539076741192207,-101
64,6,35,72,0,1,3.019,0,43,-0.8341560963713489,4.38,3.097,177.445029152016,43,-0.8341560963713489,-101
64,7,-55,0,-120,0,3.817,-55,NA,NA,NA,NA,NA,43,-0.8341560963713489,-156
64,8,-45,0,-79,1,3.566,0,NA,NA,4.383,3.851,220.64604690488,43,-0.8341560963713489,-156
64,9,55,100,0,1,2.501,100,64,0.6461772577524532,4.383,4.479,256.627796439096,64,0.6461772577524532,-56
64,10,0,55,-42,1,9.901,-42,NA,NA,4.385,2.218,127.082038960017,64,0.6461772577524532,-98
64,11,30,60,0,1,2.368,0,50,-0.3407116449967483,4.383,1.338,76.6617529885041,50,-0.3407116449967483,-98
64,12,-45,0,-79,1,6.2,0,NA,NA,4.383,3.223,184.664297370664,50,-0.3407116449967483,-98
64,13,-30,0,-72,0,2.252,-30,NA,NA,NA,NA,NA,50,-0.3407116449967483,-128
64,14,45,85,0,0,2.702,45,67,0.8576534511987106,NA,NA,NA,67,0.8576534511987106,-83
64,15,-35,0,-57,1,3.401,0,NA,NA,4.383,5.61,321.429323068392,67,0.8576534511987106,-83
64,16,45,77,0,0,2.033,45,NA,NA,NA,NA,NA,67,0.8576534511987106,-38
64,17,45,180,0,1,2.148,0,40,-1.0456322898176065,4.383,1.464,83.8810212071525,40,-1.0456322898176065,-38
64,18,0,55,-11,1,5.85,-11,NA,NA,4.383,0.584,33.4607352356401,40,-1.0456322898176065,-49
64,19,30,53,0,0,1.8,30,NA,NA,NA,NA,NA,40,-1.0456322898176065,-19
64,20,45,95,0,0,2.866,45,69,0.9986375801628822,NA,NA,NA,69,0.9986375801628822,26
64,21,0,40,-44,0,3.883,0,NA,NA,NA,NA,NA,69,0.9986375801628822,26
64,22,-30,0,-56,1,4.168,0,66,0.7871613867166247,4.381,3.977,227.865315123528,66,0.7871613867166247,26
64,23,0,40,-14,1,2.701,40,NA,NA,4.383,5.359,307.048082410608,66,0.7871613867166247,66
64,24,-30,0,-49,1,3.067,0,NA,NA,4.383,3.851,220.64604690488,66,0.7871613867166247,66
64,25,45,85,0,1,3.533,85,73,1.2806058380912255,4.383,4.228,242.246555781312,73,1.2806058380912255,151
64,26,0,75,-48,0,7.85,0,NA,NA,NA,NA,NA,73,1.2806058380912255,151
64,27,-55,0,-124,0,4.067,-55,NA,NA,NA,NA,NA,73,1.2806058380912255,96
64,28,0,75,-75,0,3.767,0,37,-1.257108483263864,NA,NA,NA,37,-1.257108483263864,96
64,29,0,75,-83,0,2.817,0,NA,NA,NA,NA,NA,37,-1.257108483263864,96
64,30,30,55,0,1,3.001,55,66,0.7871613867166247,4.383,5.736,328.64859128704,66,0.7871613867166247,151
65,1,55,120,0,0,6.533,55,64,-0.7248242336845323,NA,NA,NA,64,-0.7248242336845323,55
65,2,45,74,0,0,2.383,45,NA,NA,NA,NA,NA,64,-0.7248242336845323,100
65,3,-55,0,-117,0,2.55,-55,62,-1.4811625644857815,NA,NA,NA,62,-1.4811625644857815,45
65,4,0,75,-75,1,2.25,75,NA,NA,4.384,3.6,206.264806247096,62,-1.4811625644857815,120
65,5,-45,0,-180,0,2.234,-45,NA,NA,NA,NA,NA,62,-1.4811625644857815,75
65,6,0,55,-35,0,5.417,0,67,0.40968326251734155,NA,NA,NA,67,0.40968326251734155,75
65,7,55,103,0,1,1.784,103,NA,NA,4.383,3.977,227.865315123528,67,0.40968326251734155,178
65,8,0,40,-54,0,3.784,0,NA,NA,NA,NA,NA,67,0.40968326251734155,178
65,9,45,77,0,1,11.684,77,66,0.031514097116716926,4.383,4.479,256.627796439096,66,0.031514097116716926,255
65,10,0,75,-38,1,3.751,-38,NA,NA,4.383,2.846,163.063788494232,66,0.031514097116716926,217
65,11,45,74,0,0,3.934,45,66,0.031514097116716926,NA,NA,NA,66,0.031514097116716926,262
65,12,-45,0,-180,0,2.351,-45,NA,NA,NA,NA,NA,66,0.031514097116716926,217
65,13,55,220,0,1,7.384,220,NA,NA,4.383,4.479,256.627796439096,66,0.031514097116716926,437
65,14,0,55,-49,0,4.516,0,72,2.300529089520465,NA,NA,NA,72,2.300529089520465,437
65,15,-55,0,-117,0,5.601,-55,NA,NA,NA,NA,NA,72,2.300529089520465,382
65,16,45,95,0,1,3.917,95,NA,NA,4.382,4.945,283.327629692192,72,2.300529089520465,477
65,17,0,40,-31,0,1.983,0,68,0.7878524279179662,NA,NA,NA,68,0.7878524279179662,477
65,18,-45,0,-90,0,1.617,-45,NA,NA,NA,NA,NA,68,0.7878524279179662,432
65,19,0,75,-15,1,1.734,-15,NA,NA,4.383,2.846,163.063788494232,68,0.7878524279179662,417
65,20,-55,0,-90,0,2.183,-55,65,-0.3466550682839077,NA,NA,NA,65,-0.3466550682839077,362
65,21,0,75,-26,1,2.717,-26,NA,NA,4.383,0.835,47.8419758934237,65,-0.3466550682839077,336
65,22,-55,0,-149,0,1.966,-55,65,-0.3466550682839077,NA,NA,NA,65,-0.3466550682839077,281
65,23,-55,0,-124,0,1.801,-55,NA,NA,NA,NA,NA,65,-0.3466550682839077,226
65,24,-30,0,-68,0,1.7,-30,NA,NA,NA,NA,NA,65,-0.3466550682839077,196
65,25,30,96,0,1,6.75,96,65,-0.3466550682839077,4.383,5.233,299.82881419196,65,-0.3466550682839077,292
65,26,-55,0,-132,0,2.133,-55,NA,NA,NA,NA,NA,65,-0.3466550682839077,237
65,27,-35,0,-74,0,1.599,-35,NA,NA,NA,NA,NA,65,-0.3466550682839077,202
65,28,55,94,0,1,5.651,94,68,0.7878524279179662,4.383,6.113,350.249100163472,68,0.7878524279179662,296
65,29,55,176,0,1,3.499,0,NA,NA,4.384,0.296,16.9595507358724,68,0.7878524279179662,296
65,30,55,90,0,0,2,55,63,-1.102993399085157,NA,NA,NA,63,-1.102993399085157,351
66,1,0,75,-67,0,12.916,0,53,0.4640370675551508,NA,NA,NA,53,0.4640370675551508,0
66,2,-45,0,-98,0,12.95,-45,NA,NA,NA,NA,NA,53,0.4640370675551508,-45
66,3,-30,0,-96,0,17.55,-30,41,-0.6137264441858451,NA,NA,NA,41,-0.6137264441858451,-75
66,4,0,55,-35,0,8.333,0,NA,NA,NA,NA,NA,41,-0.6137264441858451,-75
66,5,-45,0,-95,0,10.982,-45,NA,NA,NA,NA,NA,41,-0.6137264441858451,-120
66,6,45,74,0,1,18.816,0,50,0.19459618961990183,4.383,1.804,103.361586241601,50,0.19459618961990183,-120
66,7,30,55,0,1,7.367,55,NA,NA,4.383,4.605,263.847064657744,50,0.19459618961990183,-65
66,8,0,40,-8,1,1.951,-8,NA,NA,4.384,1.841,105.481530083585,50,0.19459618961990183,-73
66,9,0,75,-38,1,1.633,75,63,1.362173327339314,4.383,4.982,285.447573534176,63,1.362173327339314,2
66,10,0,75,-101,1,4.168,-101,NA,NA,4.383,3.097,177.445029152016,63,1.362173327339314,-99
66,11,35,66,0,1,3.618,66,59,1.0029188234256488,4.382,3.348,191.8262698098,59,1.0029188234256488,-33
66,12,45,82,0,1,1.817,82,NA,NA,4.383,6.239,357.468368382121,59,1.0029188234256488,49
66,13,-45,0,-87,1,3.301,-87,NA,NA,4.382,2.092,119.862770741368,59,1.0029188234256488,-38
66,14,30,68,0,1,2.617,0,35,-1.152608200056343,4.383,1.966,112.64350252272,35,-1.152608200056343,-38
66,15,30,65,0,1,4.568,0,NA,NA,4.382,2.558,146.562603994465,35,-1.152608200056343,-38
66,16,45,93,0,1,1.235,0,NA,NA,4.382,1.212,69.4424847698558,35,-1.152608200056343,-38
66,17,-45,0,-122,1,1.216,-122,25,-2.050744459840506,4.383,0.961,55.0612441120721,25,-2.050744459840506,-160
66,18,0,40,-80,1,3.084,40,NA,NA,4.383,4.479,256.627796439096,25,-2.050744459840506,-120
66,19,55,149,0,1,2.351,0,NA,NA,4.382,2.343,134.244011399152,25,-2.050744459840506,-120
66,20,-30,0,-65,1,1.803,-65,47,-0.07484468831534714,4.38,3.097,177.445029152016,47,-0.07484468831534714,-185
66,21,0,40,-40,1,3.801,40,NA,NA,4.382,6.076,348.129156321488,47,-0.07484468831534714,-145
66,22,-45,0,-95,1,5.768,0,61,1.1825460753824815,4.382,5.825,333.747915663705,61,1.1825460753824815,-145
66,23,55,100,0,0,2.013,55,NA,NA,NA,NA,NA,61,1.1825460753824815,-90
66,24,0,75,-38,1,6.334,75,NA,NA,4.383,6.239,357.468368382121,61,1.1825460753824815,-15
66,25,-30,0,-55,1,5.402,-55,50,0.19459618961990183,4.382,2.469,141.4632796178,50,0.19459618961990183,-70
66,26,-35,0,-62,1,1.485,-62,NA,NA,4.381,0.961,55.0612441120721,50,0.19459618961990183,-132
66,27,-55,0,-110,1,3.116,-110,NA,NA,4.385,2.846,163.063788494232,50,0.19459618961990183,-242
66,28,-45,0,-102,1,2.784,0,40,-0.7035400701642615,4.384,5.359,307.048082410608,40,-0.7035400701642615,-242
66,29,30,64,0,1,1.918,0,NA,NA,4.382,0.17,9.740282517224,40,-0.7035400701642615,-242
66,30,30,53,0,1,5.9,0,50,0.19459618961990183,4.383,0.296,16.9595507358724,50,0.19459618961990183,-242
67,1,45,108,0,0,14.517,45,63,1.023052337677262,NA,NA,NA,63,1.023052337677262,45
67,2,30,62,0,0,7.783,30,NA,NA,NA,NA,NA,63,1.023052337677262,75
67,3,0,40,-80,0,6.084,0,60,0.5253512004288641,NA,NA,NA,60,0.5253512004288641,75
67,4,-55,0,-94,0,8.867,-55,NA,NA,NA,NA,NA,60,0.5253512004288641,20
67,5,0,55,-11,1,12.184,55,NA,NA,4.382,3.725,213.426778686232,60,0.5253512004288641,75
67,6,45,74,0,1,5.717,74,65,1.3548530958428606,4.382,4.982,285.447573534176,65,1.3548530958428606,149
67,7,45,77,0,1,4.634,77,NA,NA,4.383,5.233,299.82881419196,65,1.3548530958428606,226
67,8,0,55,-28,1,4.801,-28,NA,NA,4.382,0.961,55.0612441120721,65,1.3548530958428606,198
67,9,-45,0,-74,1,15.951,-74,59,0.35945082134606476,4.382,0.081,4.64095814055967,59,0.35945082134606476,124
67,10,0,75,-58,0,14.667,0,NA,NA,NA,NA,NA,59,0.35945082134606476,124
67,11,35,64,0,1,3.817,64,66,1.52075347492566,4.383,5.108,292.666841752824,66,1.52075347492566,188
67,12,-45,0,-98,0,15.266,-45,NA,NA,NA,NA,NA,66,1.52075347492566,143
67,13,30,72,0,1,2.75,72,NA,NA,4.383,4.479,256.627796439096,66,1.52075347492566,215
67,14,0,55,-61,1,6.85,-61,50,-1.133652590399129,4.383,0.835,47.8419758934237,50,-1.133652590399129,154
67,15,-35,0,-64,0,4.233,-35,NA,NA,NA,NA,NA,50,-1.133652590399129,119
67,16,0,75,-48,0,15.399,0,NA,NA,NA,NA,NA,50,-1.133652590399129,119
67,17,-45,0,-108,0,10.018,-45,50,-1.133652590399129,NA,NA,NA,50,-1.133652590399129,74
67,18,-55,0,-117,1,8.867,0,NA,NA,4.383,4.354,249.46582399996,50,-1.133652590399129,74
67,19,30,72,0,1,2.45,0,NA,NA,4.384,1.966,112.64350252272,50,-1.133652590399129,74
67,20,0,40,-36,0,16.2,0,50,-1.133652590399129,NA,NA,NA,50,-1.133652590399129,74
67,21,-30,0,-81,0,3.967,-30,NA,NA,NA,NA,NA,50,-1.133652590399129,44
67,22,45,77,0,1,4.3,0,50,-1.133652590399129,4.383,2.092,119.862770741368,50,-1.133652590399129,44
67,23,45,95,0,1,6.217,95,NA,NA,4.383,3.348,191.8262698098,50,-1.133652590399129,139
67,24,-35,0,-66,0,3.184,-35,NA,NA,NA,NA,NA,50,-1.133652590399129,104
67,25,-30,0,-72,0,3.984,-30,58,0.19355044226326545,NA,NA,NA,58,0.19355044226326545,74
67,26,45,82,0,0,2.316,45,NA,NA,NA,NA,NA,58,0.19355044226326545,119
67,27,55,124,0,1,3.167,124,NA,NA,4.383,4.102,235.027287562664,58,0.19355044226326545,243
67,28,-45,0,-82,0,8.534,-45,57,0.02765006318046616,NA,NA,NA,57,0.02765006318046616,198
67,29,-45,0,-98,1,19.302,-98,NA,NA,4.382,1.338,76.6617529885041,57,0.02765006318046616,100
67,30,0,55,-110,0,3.117,0,54,-0.47005107406793173,NA,NA,NA,54,-0.47005107406793173,100
68,1,30,58,0,1,3.568,0,50,-0.3890273536387829,4.382,1.589,91.0429936462878,50,-0.3890273536387829,0
68,2,-30,0,-68,1,3.434,0,NA,NA,4.382,5.485,314.267350629257,50,-0.3890273536387829,0
68,3,35,74,0,1,1.634,74,50,-0.3890273536387829,4.383,5.61,321.429323068392,50,-0.3890273536387829,74
68,4,45,74,0,1,2.216,0,NA,NA,4.417,1.589,91.0429936462878,50,-0.3890273536387829,74
68,5,0,75,-15,1,1.134,-15,NA,NA,4.382,1.841,105.481530083585,50,-0.3890273536387829,59
68,6,45,98,0,1,0.918,0,33,-1.0342434523567643,4.382,2.846,163.063788494232,33,-1.0342434523567643,59
68,7,30,120,0,1,1.768,0,NA,NA,4.382,1.589,91.0429936462878,33,-1.0342434523567643,59
68,8,-55,0,-103,0,1.3,-55,NA,NA,NA,NA,NA,33,-1.0342434523567643,4
68,9,-45,0,-144,1,1.868,-144,22,-1.451736222115458,4.383,0.081,4.64095814055967,22,-1.451736222115458,-140
68,10,-45,0,-77,1,0.934,0,NA,NA,4.383,3.6,206.264806247096,22,-1.451736222115458,-140
68,11,0,40,-31,1,1.134,40,50,-0.3890273536387829,4.384,4.102,235.027287562664,50,-0.3890273536387829,-100
68,12,-55,0,-132,1,0.868,-132,NA,NA,4.382,0.333,19.0794945778564,50,-0.3890273536387829,-232
68,13,0,75,-58,0,2.002,0,NA,NA,NA,NA,NA,50,-0.3890273536387829,-232
68,14,55,107,0,1,2.967,107,50,-0.3890273536387829,4.383,4.102,235.027287562664,50,-0.3890273536387829,-125
68,15,45,79,0,1,0.884,79,NA,NA,4.383,5.987,343.029831944824,50,-0.3890273536387829,-46
68,16,55,90,0,0,6.416,55,NA,NA,NA,NA,NA,50,-0.3890273536387829,9
68,17,-30,0,-56,1,2.101,0,68,0.29414263323907974,4.383,5.485,314.267350629257,68,0.29414263323907974,9
68,18,30,60,0,1,0.901,60,NA,NA,4.382,5.61,321.429323068392,68,0.29414263323907974,69
68,19,0,55,-19,1,1.184,55,NA,NA,4.383,5.233,299.82881419196,68,0.29414263323907974,124
68,20,-45,0,-93,1,0.918,0,100,1.5086670543552798,4.382,3.223,184.664297370664,100,1.5086670543552798,124
68,21,-45,0,-122,1,1.084,0,NA,NA,4.383,4.856,278.228305315528,100,1.5086670543552798,124
68,22,-55,0,-124,1,0.918,0,100,1.5086670543552798,4.382,6.113,350.249100163472,100,1.5086670543552798,124
68,23,-30,0,-55,1,0.85,-55,NA,NA,4.383,2.469,141.4632796178,100,1.5086670543552798,69
68,24,0,40,-40,1,10.75,-40,NA,NA,4.383,0.961,55.0612441120721,100,1.5086670543552798,29
68,25,0,55,-28,1,1.35,55,50,-0.3890273536387829,4.382,5.736,328.64859128704,50,-0.3890273536387829,84
68,26,-55,0,-94,1,0.818,0,NA,NA,4.382,4.982,285.447573534176,50,-0.3890273536387829,84
68,27,0,75,-48,1,1.284,75,NA,NA,4.383,3.725,213.426778686232,50,-0.3890273536387829,159
68,28,0,75,-83,1,4.267,75,50,-0.3890273536387829,4.384,5.108,292.666841752824,50,-0.3890273536387829,234
68,29,45,180,0,1,1.568,180,NA,NA,4.382,3.851,220.64604690488,50,-0.3890273536387829,414
68,30,35,74,0,1,1.218,0,100,1.5086670543552798,4.382,2.595,148.682547836449,100,1.5086670543552798,414
69,1,0,40,-31,1,8.518,40,78,0.33608115812245226,4.383,4.443,254.565148376625,78,0.33608115812245226,40
69,2,45,79,0,1,6.117,79,NA,NA,4.383,4.605,263.847064657744,78,0.33608115812245226,119
69,3,-55,0,-117,1,7.584,-117,69,-0.2400579700874659,4.383,3.06,175.325085310032,69,-0.2400579700874659,2
69,4,55,149,0,1,2.352,0,NA,NA,4.382,1.678,96.1423180229521,69,-0.2400579700874659,2
69,5,45,79,0,0,2.236,45,NA,NA,NA,NA,NA,69,-0.2400579700874659,47
69,6,0,55,-11,1,3.001,55,82,0.5921429928824159,4.383,5.322,304.928138568624,82,0.5921429928824159,102
69,7,-45,0,-95,0,4.45,-45,NA,NA,NA,NA,NA,82,0.5921429928824159,57
69,8,-35,0,-64,1,6.685,-64,NA,NA,4.383,2.935,168.163112870897,82,0.5921429928824159,-7
69,9,55,100,0,0,2.6,55,72,-0.04801159401749318,NA,NA,NA,72,-0.04801159401749318,48
69,10,-35,0,-112,0,2.268,-35,NA,NA,NA,NA,NA,72,-0.04801159401749318,13
69,11,-45,0,-98,0,4.284,-45,50,-1.456351685197293,NA,NA,NA,50,-1.456351685197293,-32
69,12,0,55,-19,1,2.468,-19,NA,NA,4.383,1.301,74.5418091465201,50,-1.456351685197293,-51
69,13,55,176,0,1,1.282,0,NA,NA,4.383,2.683,153.7245764336,50,-1.456351685197293,-51
69,14,0,55,-19,1,1.733,55,77,0.27206569943246134,4.384,4.443,254.565148376625,77,0.27206569943246134,4
69,15,55,220,0,1,4.132,0,NA,NA,4.384,0.421,24.1215231750077,77,0.27206569943246134,4
69,16,55,220,0,1,2.217,220,NA,NA,4.383,4.066,232.964639500193,77,0.27206569943246134,224
69,17,0,55,-19,1,2.367,55,100,1.7444212493022522,4.383,3.312,189.763621747329,100,1.7444212493022522,279
69,18,-30,0,-120,0,3.851,-30,NA,NA,NA,NA,NA,100,1.7444212493022522,249
69,19,55,220,0,1,2.767,0,NA,NA,4.383,1.175,67.3225409278717,100,1.7444212493022522,249
69,20,-35,0,-72,0,3.85,-35,83,0.6561584515724068,NA,NA,NA,83,0.6561584515724068,214
69,21,35,57,0,0,2.984,35,NA,NA,NA,NA,NA,83,0.6561584515724068,249
69,22,-45,0,-95,1,3.684,0,82,0.5921429928824159,4.383,4.82,276.165657253057,82,0.5921429928824159,249
69,23,0,55,-74,0,4.783,0,NA,NA,NA,NA,NA,82,0.5921429928824159,249
69,24,45,122,0,1,2.301,0,NA,NA,4.384,0.421,24.1215231750077,82,0.5921429928824159,249
69,25,55,220,0,1,3.417,220,80,0.46411207550243405,4.383,3.725,213.426778686232,80,0.46411207550243405,469
69,26,0,40,-8,1,4.7,-8,NA,NA,4.384,2.432,139.343335775816,80,0.46411207550243405,461
69,27,0,40,-26,1,2.151,40,NA,NA,4.383,3.94,225.745371281544,80,0.46411207550243405,501
69,28,-45,0,-90,1,3.698,-90,50,-1.456351685197293,4.383,0.584,33.4607352356401,50,-1.456351685197293,411
69,29,-45,0,-180,1,11.252,-180,NA,NA,4.383,2.935,168.163112870897,50,-1.456351685197293,231
69,30,-45,0,-102,1,2.051,0,50,-1.456351685197293,4.383,5.108,292.666841752824,50,-1.456351685197293,231
70,1,45,85,0,1,3.851,85,65,0.663368573480804,4.383,3.851,220.64604690488,65,0.663368573480804,85
70,2,30,65,0,1,2.234,65,NA,NA,4.383,4.191,240.126611939328,65,0.663368573480804,150
70,3,-35,0,-79,1,2.001,-79,42,-0.9015008819098105,4.383,2.595,148.682547836449,42,-0.9015008819098105,71
70,4,35,64,0,1,3.968,64,NA,NA,4.382,4.354,249.46582399996,42,-0.9015008819098105,135
70,5,0,55,-11,1,2.9,-11,NA,NA,4.382,2.432,139.343335775816,42,-0.9015008819098105,124
70,6,-35,0,-66,1,2.784,-66,62,0.4592551662559412,4.383,1.678,96.1423180229521,62,0.4592551662559412,58
70,7,-45,0,-79,1,3.084,0,NA,NA,4.383,3.437,196.925594186464,62,0.4592551662559412,58
70,8,0,55,-11,1,3.25,-11,NA,NA,4.383,1.05,60.1605684887364,62,0.4592551662559412,47
70,9,55,97,0,0,3.016,55,66,0.7314063758890915,NA,NA,NA,66,0.7314063758890915,102
70,10,55,132,0,0,2.3,55,NA,NA,NA,NA,NA,66,0.7314063758890915,157
70,11,-35,0,-70,1,3.549,0,41,-0.9695386843180981,4.384,3.689,211.364130623761,41,-0.9695386843180981,157
70,12,55,176,0,1,2.734,176,NA,NA,4.383,6.202,355.348424540137,41,-0.9695386843180981,333
70,13,-30,0,-53,1,3.117,0,NA,NA,4.383,4.066,232.964639500193,41,-0.9695386843180981,333
70,14,45,85,0,1,3.433,0,76,1.4117843999719675,4.383,0.924,52.9413002700881,76,1.4117843999719675,333
70,15,0,40,-80,1,4.501,40,NA,NA,4.383,3.689,211.364130623761,76,1.4117843999719675,373
70,16,-30,0,-81,1,5.416,-81,NA,NA,4.383,2.432,139.343335775816,76,1.4117843999719675,292
70,17,35,57,0,1,2.801,57,66,0.7314063758890915,4.382,5.574,319.366675005921,66,0.7314063758890915,349
70,18,35,112,0,1,2.499,0,NA,NA,4.384,0.673,38.5600596123044,66,0.7314063758890915,349
70,19,0,40,-36,1,4.417,-36,NA,NA,4.383,0.798,45.7220320514397,66,0.7314063758890915,313
70,20,-55,0,-132,1,3.567,0,50,-0.35719846264350985,4.383,5.825,333.747915663705,50,-0.35719846264350985,313
70,21,0,75,-75,1,2.985,75,NA,NA,4.382,5.699,326.528647445056,50,-0.35719846264350985,388
70,22,-45,0,-90,1,3.05,-90,34,-1.4458033011761113,4.382,2.558,146.562603994465,34,-1.4458033011761113,298
70,23,-55,0,-103,1,3.7,0,NA,NA,4.383,3.563,204.144862405112,34,-1.4458033011761113,298
70,24,-45,0,-90,0,5.833,-45,NA,NA,NA,NA,NA,34,-1.4458033011761113,253
70,25,55,132,0,1,1.883,132,63,0.5272929686642288,4.384,4.568,261.72712081576,63,0.5272929686642288,385
70,26,0,40,-54,1,3.417,40,NA,NA,4.383,4.317,247.345880157976,63,0.5272929686642288,425
70,27,-45,0,-108,0,2.515,-45,NA,NA,NA,NA,NA,63,0.5272929686642288,380
70,28,0,75,-26,1,2.216,-26,32,-1.5818789059926863,4.384,1.175,67.3225409278717,32,-1.5818789059926863,354
70,29,30,49,0,0,2.618,30,NA,NA,NA,NA,NA,32,-1.5818789059926863,384
70,30,0,40,-8,1,2.784,40,66,0.7314063758890915,4.383,5.322,304.928138568624,66,0.7314063758890915,424
71,1,-30,0,-65,1,22.035,0,68,1.1254694260588374,4.383,4.568,261.72712081576,68,1.1254694260588374,0
71,2,45,144,0,1,12.237,144,NA,NA,4.379,3.563,204.144862405112,68,1.1254694260588374,144
71,3,0,55,-74,1,4.618,-74,62,0.5068908102097052,4.38,1.175,67.3225409278717,62,0.5068908102097052,70
71,4,0,55,-49,0,11.001,0,NA,NA,NA,NA,NA,62,0.5068908102097052,70
71,5,-30,0,-64,1,8.533,0,NA,NA,4.381,4.82,276.165657253057,62,0.5068908102097052,70
71,6,-35,0,-60,1,7.682,-60,63,0.6099872461845606,4.382,1.552,88.9230498043038,63,0.6099872461845606,10
71,7,-30,0,-68,0,2.496,-30,NA,NA,NA,NA,NA,63,0.6099872461845606,-20
71,8,35,64,0,1,1.868,0,NA,NA,4.381,0.044,2.52101429857562,63,0.6099872461845606,-20
71,9,-55,0,-132,1,4.5,-132,50,-0.7302664214885589,4.382,3.06,175.325085310032,50,-0.7302664214885589,-152
71,10,55,103,0,1,3.233,0,NA,NA,4.385,0.798,45.7220320514397,50,-0.7302664214885589,-152
71,11,30,51,0,0,2.518,30,50,-0.7302664214885589,NA,NA,NA,50,-0.7302664214885589,-122
71,12,-35,0,-62,1,5.003,-62,NA,NA,4.381,0.458,26.2414670169917,50,-0.7302664214885589,-184
71,13,30,60,0,1,4.417,60,NA,NA,4.384,4.317,247.345880157976,50,-0.7302664214885589,-124
71,14,35,72,0,0,6.253,35,50,-0.7302664214885589,NA,NA,NA,50,-0.7302664214885589,-89
71,15,55,94,0,0,4.446,55,NA,NA,NA,NA,NA,50,-0.7302664214885589,-34
71,16,-55,0,-124,1,3.684,-124,NA,NA,4.534,0.673,38.5600596123044,50,-0.7302664214885589,-158
71,17,0,75,-15,1,3.252,75,46,-1.1426521653879804,4.383,3.689,211.364130623761,46,-1.1426521653879804,-83
71,18,30,72,0,0,3.666,30,NA,NA,NA,NA,NA,46,-1.1426521653879804,-53
71,19,0,40,-80,0,8.984,0,NA,NA,NA,NA,NA,46,-1.1426521653879804,-53
71,20,0,75,-26,1,3.286,75,59,0.19760150228513917,4.379,4.945,283.327629692192,59,0.19760150228513917,22
71,21,30,120,0,1,3.536,120,NA,NA,4.381,5.322,304.928138568624,59,0.19760150228513917,142
71,22,45,77,0,1,2.534,77,67,1.022372990083982,4.384,5.825,333.747915663705,67,1.022372990083982,219
71,23,0,55,-55,0,8.951,0,NA,NA,NA,NA,NA,67,1.022372990083982,219
71,24,0,55,-74,0,5.898,0,NA,NA,NA,NA,NA,67,1.022372990083982,219
71,25,0,40,-14,1,3.084,-14,68,1.1254694260588374,4.383,3.06,175.325085310032,68,1.1254694260588374,205
71,26,-45,0,-85,1,8.718,-85,NA,NA,4.382,1.05,60.1605684887364,68,1.1254694260588374,120
71,27,-30,0,-120,0,1.971,-30,NA,NA,NA,NA,NA,68,1.1254694260588374,90
71,28,-35,0,-68,1,8.004,-68,39,-1.8643272172119678,4.378,1.427,81.7610773651685,39,-1.8643272172119678,22
71,29,-30,0,-120,0,2.647,-30,NA,NA,NA,NA,NA,39,-1.8643272172119678,-8
71,30,45,108,0,1,2.3,108,63,0.6099872461845606,4.384,5.322,304.928138568624,63,0.6099872461845606,100
72,1,55,113,0,1,7.45,0,77,0.7838647163709508,4.384,1.087,62.2805123307205,77,0.7838647163709508,0
72,2,45,82,0,1,2.85,0,NA,NA,4.383,0.584,33.4607352356401,77,0.7838647163709508,0
72,3,30,65,0,0,1.101,30,71,0.24118914349875437,NA,NA,NA,71,0.24118914349875437,30
72,4,-55,0,-124,0,6.05,-55,NA,NA,NA,NA,NA,71,0.24118914349875437,-25
72,5,30,120,0,1,1.967,120,NA,NA,4.384,4.605,263.847064657744,71,0.24118914349875437,95
72,6,-55,0,-117,1,1.301,0,71,0.24118914349875437,4.383,5.359,307.048082410608,71,0.24118914349875437,95
72,7,45,95,0,1,1.134,0,NA,NA,4.383,1.966,112.64350252272,71,0.24118914349875437,95
72,8,0,55,-19,1,2.35,55,NA,NA,4.384,4.856,278.228305315528,71,0.24118914349875437,150
72,9,0,40,-31,1,1.701,40,72,0.3316350723107871,4.383,4.102,235.027287562664,72,0.3316350723107871,190
72,10,45,90,0,1,2.918,90,NA,NA,4.382,4.102,235.027287562664,72,0.3316350723107871,280
72,11,-55,0,-94,1,2.383,-94,72,0.3316350723107871,4.383,0.584,33.4607352356401,72,0.3316350723107871,186
72,12,0,75,-26,1,1.684,75,NA,NA,4.383,5.862,335.867859505689,72,0.3316350723107871,261
72,13,-55,0,-100,1,5.634,-100,NA,NA,4.383,2.218,127.082038960017,72,0.3316350723107871,161
72,14,-45,0,-82,1,1.8,-82,40,-2.5626346496742602,4.383,2.595,148.682547836449,40,-2.5626346496742602,79
72,15,-30,0,-120,1,2.068,0,NA,NA,4.382,3.348,191.8262698098,40,-2.5626346496742602,79
72,16,0,40,-40,0,3.1,0,NA,NA,NA,NA,NA,40,-2.5626346496742602,79
72,17,-45,0,-79,1,2.717,0,65,-0.301486429373442,4.383,5.233,299.82881419196,65,-0.301486429373442,79
72,18,30,62,0,1,2.184,62,NA,NA,4.382,3.977,227.865315123528,65,-0.301486429373442,141
72,19,-45,0,-102,0,2.217,-45,NA,NA,NA,NA,NA,65,-0.301486429373442,96
72,20,-35,0,-79,1,5.252,0,68,-0.030148642937343817,4.382,4.102,235.027287562664,68,-0.030148642937343817,96
72,21,-45,0,-108,0,2.05,-45,NA,NA,NA,NA,NA,68,-0.030148642937343817,51
72,22,0,55,-61,1,2.284,55,56,-1.1154997886817366,4.383,3.474,199.045538028448,56,-1.1154997886817366,106
72,23,55,110,0,1,1.699,0,NA,NA,4.384,1.715,98.2622618649362,56,-1.1154997886817366,106
72,24,35,112,0,1,1.283,112,NA,NA,4.384,4.856,278.228305315528,56,-1.1154997886817366,218
72,25,0,55,-28,1,1.751,55,77,0.7838647163709508,4.383,4.731,271.066332876392,77,0.7838647163709508,273
72,26,-35,0,-76,1,2.918,0,NA,NA,4.383,6.076,348.129156321488,77,0.7838647163709508,273
72,27,35,76,0,1,1.617,76,NA,NA,4.383,3.437,196.925594186464,77,0.7838647163709508,349
72,28,45,122,0,1,1.601,122,82,1.2360943604311145,4.383,4.443,254.565148376625,82,1.2360943604311145,471
72,29,0,40,-31,1,1.834,-31,NA,NA,4.383,2.306,132.124067557168,82,1.2360943604311145,440
72,30,0,55,-28,1,1.817,55,69,0.06029728587468892,4.384,4.317,247.345880157976,69,0.06029728587468892,495
73,1,45,102,0,0,7.584,45,50,-0.21806061606043642,NA,NA,NA,50,-0.21806061606043642,45
73,2,0,75,-58,1,10.185,-58,NA,NA,4.383,0.673,38.5600596123044,50,-0.21806061606043642,-13
73,3,35,76,0,1,5.718,0,35,-1.3083636963626186,4.381,1.464,83.8810212071525,35,-1.3083636963626186,-13
73,4,0,75,-75,1,8.07,-75,NA,NA,4.376,2.469,141.4632796178,35,-1.3083636963626186,-88
73,5,35,57,0,1,5.102,57,NA,NA,4.398,5.322,304.928138568624,35,-1.3083636963626186,-31
73,6,-55,0,-107,1,10.37,-107,42,-0.7995555922216002,4.379,2.972,170.283056712881,42,-0.7995555922216002,-138
73,7,35,79,0,1,3.067,79,NA,NA,4.379,4.568,261.72712081576,42,-0.7995555922216002,-59
73,8,-30,0,-68,0,22.217,-30,NA,NA,NA,NA,NA,42,-0.7995555922216002,-89
73,9,35,64,0,0,6.735,35,50,-0.21806061606043642,NA,NA,NA,50,-0.21806061606043642,-54
73,10,55,149,0,1,5.215,0,NA,NA,4.385,2.432,139.343335775816,50,-0.21806061606043642,-54
73,11,0,75,-58,0,7.548,0,50,-0.21806061606043642,NA,NA,NA,50,-0.21806061606043642,-54
73,12,-30,0,-64,0,19.203,-30,NA,NA,NA,NA,NA,50,-0.21806061606043642,-84
73,13,-35,0,-60,1,6.267,-60,NA,NA,4.381,0.17,9.740282517224,50,-0.21806061606043642,-144
73,14,-55,0,-94,1,4.686,-94,29,-1.7444849284834913,4.378,1.087,62.2805123307205,29,-1.7444849284834913,-238
73,15,-45,0,-180,0,5.231,-45,NA,NA,NA,NA,NA,29,-1.7444849284834913,-283
73,16,-45,0,-95,0,7.887,-45,NA,NA,NA,NA,NA,29,-1.7444849284834913,-328
73,17,30,81,0,1,5.869,81,59,0.43612123212087284,4.38,4.605,263.847064657744,59,0.43612123212087284,-247
73,18,30,72,0,1,4.92,0,NA,NA,4.796,1.589,91.0429936462878,59,0.43612123212087284,-247
73,19,-55,0,-107,0,2.984,-55,NA,NA,NA,NA,NA,59,0.43612123212087284,-302
73,20,45,82,0,0,4.662,45,62,0.6541818481813093,NA,NA,NA,62,0.6541818481813093,-257
73,21,0,55,-11,1,5.469,-11,NA,NA,4.381,1.338,76.6617529885041,62,0.6541818481813093,-268
73,22,45,102,0,1,8.166,102,75,1.5991111844432004,4.384,5.951,340.967183882353,75,1.5991111844432004,-166
73,23,-45,0,-144,0,3.582,-45,NA,NA,NA,NA,NA,75,1.5991111844432004,-211
73,24,45,77,0,0,4.784,45,NA,NA,NA,NA,NA,75,1.5991111844432004,-166
73,25,-30,0,-81,0,2.8,-30,50,-0.21806061606043642,NA,NA,NA,50,-0.21806061606043642,-196
73,26,0,75,-75,1,9.872,-75,NA,NA,4.379,1.966,112.64350252272,50,-0.21806061606043642,-271
73,27,0,55,-61,0,8.483,0,NA,NA,NA,NA,NA,50,-0.21806061606043642,-271
73,28,0,75,-26,1,2.484,75,63,0.7268687202014548,4.382,4.191,240.126611939328,63,0.7268687202014548,-196
73,29,-30,0,-65,0,4.849,-30,NA,NA,NA,NA,NA,63,0.7268687202014548,-226
73,30,0,40,-14,1,2.675,40,71,1.3083636963626186,4.377,4.443,254.565148376625,71,1.3083636963626186,-186
74,1,-35,0,-60,1,4.336,-60,63,1.3618557789981647,4.386,0.333,19.0794945778564,63,1.3618557789981647,-60
74,2,45,77,0,1,2.381,77,NA,NA,4.385,5.61,321.429323068392,63,1.3618557789981647,17
74,3,-45,0,-180,1,5.021,-180,28,-1.9253823082387844,4.379,1.966,112.64350252272,28,-1.9253823082387844,-163
74,4,0,55,-42,0,4.311,0,NA,NA,NA,NA,NA,28,-1.9253823082387844,-163
74,5,0,75,-15,1,2.885,-15,NA,NA,4.381,2.218,127.082038960017,28,-1.9253823082387844,-178
74,6,0,75,-26,0,2.004,0,38,-0.9861714261710847,NA,NA,NA,38,-0.9861714261710847,-178
74,7,45,77,0,0,1.588,45,NA,NA,NA,NA,NA,38,-0.9861714261710847,-133
74,8,0,40,-80,0,2.034,0,NA,NA,NA,NA,NA,38,-0.9861714261710847,-133
74,9,45,82,0,0,1.548,45,58,0.8922503379643147,NA,NA,NA,58,0.8922503379643147,-88
74,10,0,40,-54,0,2.233,0,NA,NA,NA,NA,NA,58,0.8922503379643147,-88
74,11,-30,0,-96,0,1.865,-30,41,-0.7044081615507748,NA,NA,NA,41,-0.7044081615507748,-118
74,12,-55,0,-90,1,1.65,0,NA,NA,4.383,3.223,184.664297370664,41,-0.7044081615507748,-118
74,13,-45,0,-90,1,2.935,-90,NA,NA,4.381,1.087,62.2805123307205,41,-0.7044081615507748,-208
74,14,55,100,0,0,1.019,55,46,-0.23480272051692494,NA,NA,NA,46,-0.23480272051692494,-153
74,15,-30,0,-96,1,2.346,0,NA,NA,4.385,4.354,249.46582399996,46,-0.23480272051692494,-153
74,16,-55,0,-97,1,2.318,-97,NA,NA,4.383,2.343,134.244011399152,46,-0.23480272051692494,-250
74,17,0,40,-54,0,1.57,0,37,-1.0800925143778546,NA,NA,NA,37,-1.0800925143778546,-250
74,18,-45,0,-87,1,1.736,0,NA,NA,4.381,4.605,263.847064657744,37,-1.0800925143778546,-250
74,19,45,98,0,0,1.182,45,NA,NA,NA,NA,NA,37,-1.0800925143778546,-205
74,20,55,107,0,0,1.2,55,57,0.7983292497575447,NA,NA,NA,57,0.7983292497575447,-150
74,21,-30,0,-81,1,1.585,-81,NA,NA,4.382,0.835,47.8419758934237,57,0.7983292497575447,-231
74,22,-45,0,-87,1,3,0,50,0.14088163231015496,4.383,5.485,314.267350629257,50,0.14088163231015496,-231
74,23,55,176,0,0,1.118,55,NA,NA,NA,NA,NA,50,0.14088163231015496,-176
74,24,30,53,0,0,1.07,30,NA,NA,NA,NA,NA,50,0.14088163231015496,-146
74,25,0,40,-20,0,1.099,0,57,0.7983292497575447,NA,NA,NA,57,0.7983292497575447,-146
74,26,0,55,-110,0,1.136,0,NA,NA,NA,NA,NA,57,0.7983292497575447,-146
74,27,30,55,0,0,1.052,30,NA,NA,NA,NA,NA,57,0.7983292497575447,-116
74,28,55,97,0,0,1.063,55,57,0.7983292497575447,NA,NA,NA,57,0.7983292497575447,-61
74,29,30,96,0,0,1.065,30,NA,NA,NA,NA,NA,57,0.7983292497575447,-31
74,30,-35,0,-70,1,2.487,0,50,0.14088163231015496,4.377,3.6,206.264806247096,50,0.14088163231015496,-31
75,1,35,66,0,1,6.088,0,40,-1.1067971810589328,4.378,2.595,148.682547836449,40,-1.1067971810589328,0
75,2,-30,0,-51,0,6.415,-30,NA,NA,NA,NA,NA,40,-1.1067971810589328,-30
75,3,0,55,-28,1,8.553,55,57,1.5811388300841895,4.383,3.977,227.865315123528,57,1.5811388300841895,25
75,4,-45,0,-122,0,3.784,-45,NA,NA,NA,NA,NA,57,1.5811388300841895,-20
75,5,45,180,0,1,7.667,0,NA,NA,4.383,3.097,177.445029152016,57,1.5811388300841895,-20
75,6,45,108,0,1,3.251,108,57,1.5811388300841895,4.382,4.731,271.066332876392,57,1.5811388300841895,88
75,7,55,113,0,1,4.748,113,NA,NA,4.382,6.239,357.468368382121,57,1.5811388300841895,201
75,8,55,120,0,1,4.57,120,NA,NA,4.382,5.862,335.867859505689,57,1.5811388300841895,321
75,9,0,55,-42,0,5.833,0,55,1.2649110640673518,NA,NA,NA,55,1.2649110640673518,321
75,10,35,64,0,1,3.878,0,NA,NA,4.384,2.972,170.283056712881,55,1.2649110640673518,321
75,11,35,79,0,1,3.418,0,41,-0.9486832980505138,4.381,2.972,170.283056712881,41,-0.9486832980505138,321
75,12,35,64,0,1,3.184,0,NA,NA,4.383,0.333,19.0794945778564,41,-0.9486832980505138,321
75,13,-45,0,-98,0,4.651,-45,NA,NA,NA,NA,NA,41,-0.9486832980505138,276
75,14,30,53,0,1,2.784,0,44,-0.4743416490252569,4.38,1.212,69.4424847698558,44,-0.4743416490252569,276
75,15,-55,0,-149,0,2.74,-55,NA,NA,NA,NA,NA,44,-0.4743416490252569,221
75,16,55,110,0,1,4.639,110,NA,NA,4.378,4.982,285.447573534176,44,-0.4743416490252569,331
75,17,-35,0,-64,0,2.536,-35,45,-0.31622776601683794,NA,NA,NA,45,-0.31622776601683794,296
75,18,0,55,-49,0,4.485,0,NA,NA,NA,NA,NA,45,-0.31622776601683794,296
75,19,-30,0,-56,1,4.017,-56,NA,NA,4.378,0.584,33.4607352356401,45,-0.31622776601683794,240
75,20,45,93,0,1,3.053,0,43,-0.6324555320336759,4.381,2.469,141.4632796178,43,-0.6324555320336759,240
75,21,-35,0,-112,0,3.034,-35,NA,NA,NA,NA,NA,43,-0.6324555320336759,205
75,22,0,55,-28,1,2.851,55,50,0.4743416490252569,4.383,4.228,242.246555781312,50,0.4743416490252569,260
75,23,0,75,-101,0,3.75,0,NA,NA,NA,NA,NA,50,0.4743416490252569,260
75,24,0,40,-40,1,5.186,40,NA,NA,4.381,3.725,213.426778686232,50,0.4743416490252569,300
75,25,-35,0,-79,0,8.117,-35,47,0,NA,NA,NA,47,0,265
75,26,0,40,-40,1,3.802,40,NA,NA,4.381,4.228,242.246555781312,47,0,305
75,27,0,75,-58,0,3.618,0,NA,NA,NA,NA,NA,47,0,305
75,28,-35,0,-76,1,4.32,-76,40,-1.1067971810589328,4.38,2.935,168.163112870897,40,-1.1067971810589328,229
75,29,-30,0,-72,0,6.225,-30,NA,NA,NA,NA,NA,40,-1.1067971810589328,199
75,30,-35,0,-57,0,3.025,-35,45,-0.31622776601683794,NA,NA,NA,45,-0.31622776601683794,164
76,1,55,117,0,0,12.385,55,71,1.4152190467250543,NA,NA,NA,71,1.4152190467250543,55
76,2,-55,0,-107,0,8.333,-55,NA,NA,NA,NA,NA,71,1.4152190467250543,0
76,3,45,122,0,1,21.702,0,65,0.884511904203159,4.381,0.835,47.8419758934237,65,0.884511904203159,0
76,4,-30,0,-96,0,4.05,-30,NA,NA,NA,NA,NA,65,0.884511904203159,-30
76,5,-55,0,-90,1,8.55,-90,NA,NA,4.383,0.458,26.2414670169917,65,0.884511904203159,-120
76,6,30,72,0,1,5.669,0,32,-2.0343773796672653,4.381,1.715,98.2622618649362,32,-2.0343773796672653,-120
76,7,55,117,0,0,2.933,55,NA,NA,NA,NA,NA,32,-2.0343773796672653,-65
76,8,0,55,-42,1,5.917,55,NA,NA,4.382,6.202,355.348424540137,32,-2.0343773796672653,-10
76,9,0,55,-42,1,3.883,-42,51,-0.35380476168126357,4.384,0.296,16.9595507358724,51,-0.35380476168126357,-52
76,10,0,75,-38,1,5.699,75,NA,NA,4.384,5.699,326.528647445056,51,-0.35380476168126357,23
76,11,0,75,-58,1,2.35,75,62,0.6191583329422112,4.383,4.317,247.345880157976,62,0.6191583329422112,98
76,12,-35,0,-60,1,4.45,0,NA,NA,4.382,6.076,348.129156321488,62,0.6191583329422112,98
76,13,-45,0,-77,1,4.45,0,NA,NA,4.382,5.197,297.766166129489,62,0.6191583329422112,98
76,14,0,75,-15,1,3.834,75,63,0.7076095233625271,4.383,5.448,312.147406787273,63,0.7076095233625271,173
76,15,45,98,0,0,2.784,45,NA,NA,NA,NA,NA,63,0.7076095233625271,218
76,16,55,107,0,0,4.649,55,NA,NA,NA,NA,NA,63,0.7076095233625271,273
76,17,30,68,0,1,3.317,0,50,-0.4422559521015795,4.383,2.181,124.962095118033,50,-0.4422559521015795,273
76,18,0,55,-49,1,2.935,55,NA,NA,4.382,4.317,247.345880157976,50,-0.4422559521015795,328
76,19,-55,0,-90,1,3.184,-90,NA,NA,4.383,2.683,153.7245764336,50,-0.4422559521015795,238
76,20,0,55,-55,0,2.5,0,50,-0.4422559521015795,NA,NA,NA,50,-0.4422559521015795,238
76,21,45,77,0,0,3.868,45,NA,NA,NA,NA,NA,50,-0.4422559521015795,283
76,22,45,79,0,0,2.417,45,67,1.0614142850437907,NA,NA,NA,67,1.0614142850437907,328
76,23,-45,0,-180,0,4.267,-45,NA,NA,NA,NA,NA,67,1.0614142850437907,283
76,24,-30,0,-96,0,2.001,-30,NA,NA,NA,NA,NA,67,1.0614142850437907,253
76,25,-30,0,-58,1,4.101,0,57,0.17690238084063178,4.382,5.071,290.54689791084,57,0.17690238084063178,253
76,26,55,110,0,0,3.137,55,NA,NA,NA,NA,NA,57,0.17690238084063178,308
76,27,-30,0,-62,0,2.734,-30,NA,NA,NA,NA,NA,57,0.17690238084063178,278
76,28,-55,0,-117,0,6.2,-55,42,-1.1498654754641067,NA,NA,NA,42,-1.1498654754641067,223
76,29,0,55,-19,1,3.983,-19,NA,NA,4.384,2.809,160.943844652248,42,-1.1498654754641067,204
76,30,35,66,0,0,3.75,35,50,-0.4422559521015795,NA,NA,NA,50,-0.4422559521015795,239
77,1,45,95,0,0,3.334,45,50,0.2362605196342311,NA,NA,NA,50,0.2362605196342311,45
77,2,0,55,-35,0,3.252,0,NA,NA,NA,NA,NA,50,0.2362605196342311,45
77,3,-55,0,-100,0,9.9,-55,44,-0.35031732221627426,NA,NA,NA,44,-0.35031732221627426,-10
77,4,-30,0,-53,1,27.636,-53,NA,NA,4.383,2.683,153.7245764336,44,-0.35031732221627426,-63
77,5,35,74,0,0,9.317,35,NA,NA,NA,NA,NA,44,-0.35031732221627426,-28
77,6,55,110,0,0,1.867,55,59,1.116127282409989,NA,NA,NA,59,1.116127282409989,27
77,7,55,113,0,0,2.101,55,NA,NA,NA,NA,NA,59,1.116127282409989,82
77,8,-55,0,-117,1,7.402,-117,NA,NA,4.383,2.809,160.943844652248,59,1.116127282409989,-35
77,9,-55,0,-120,0,3.967,-55,44,-0.35031732221627426,NA,NA,NA,44,-0.35031732221627426,-90
77,10,0,55,-55,0,3.733,0,NA,NA,NA,NA,NA,44,-0.35031732221627426,-90
77,11,-55,0,-113,1,2.817,0,41,-0.6436062431415269,4.384,3.312,189.763621747329,41,-0.6436062431415269,-90
77,12,30,53,0,0,2.633,30,NA,NA,NA,NA,NA,41,-0.6436062431415269,-60
77,13,-55,0,-110,1,21.518,-110,NA,NA,4.384,2.432,139.343335775816,41,-0.6436062431415269,-170
77,14,0,40,-20,1,5.467,-20,23,-2.403339768693043,4.384,1.804,103.361586241601,23,-2.403339768693043,-190
77,15,45,90,0,1,4.701,0,NA,NA,4.383,0.17,9.740282517224,23,-2.403339768693043,-190
77,16,45,93,0,0,2.916,45,NA,NA,NA,NA,NA,23,-2.403339768693043,-145
77,17,-30,0,-96,0,4.467,-30,50,0.2362605196342311,NA,NA,NA,50,0.2362605196342311,-175
77,18,0,75,-75,1,3.151,75,NA,NA,4.383,3.94,225.745371281544,50,0.2362605196342311,-100
77,19,-45,0,-87,0,3.401,-45,NA,NA,NA,NA,NA,50,0.2362605196342311,-145
77,20,55,113,0,1,2.6,0,42,-0.545843269499776,4.383,0.673,38.5600596123044,42,-0.545843269499776,-145
77,21,0,40,-44,1,9.718,40,NA,NA,4.383,5.448,312.147406787273,42,-0.545843269499776,-105
77,22,-45,0,-122,0,5.299,-45,50,0.2362605196342311,NA,NA,NA,50,0.2362605196342311,-150
77,23,30,68,0,0,3.201,30,NA,NA,NA,NA,NA,50,0.2362605196342311,-120
77,24,0,55,-110,0,3.233,0,NA,NA,NA,NA,NA,50,0.2362605196342311,-120
77,25,0,40,-8,1,4.417,-8,55,0.7250753878429855,4.383,1.301,74.5418091465201,55,0.7250753878429855,-128
77,26,55,90,0,0,3.367,55,NA,NA,NA,NA,NA,55,0.7250753878429855,-73
77,27,0,75,-75,1,2.766,75,NA,NA,4.383,5.197,297.766166129489,55,0.7250753878429855,2
77,28,55,120,0,0,3.185,55,63,1.5071791769769927,NA,NA,NA,63,1.5071791769769927,57
77,29,-55,0,-220,0,3.482,-55,NA,NA,NA,NA,NA,63,1.5071791769769927,2
77,30,-45,0,-93,0,3.55,-45,50,0.2362605196342311,NA,NA,NA,50,0.2362605196342311,-43
78,1,-35,0,-64,1,10.284,-64,50,0.35144332691418806,4.383,1.966,112.64350252272,50,0.35144332691418806,-64
78,2,30,72,0,0,3.567,30,NA,NA,NA,NA,NA,50,0.35144332691418806,-34
78,3,55,97,0,0,1.617,55,69,1.3920807105042516,NA,NA,NA,69,1.3920807105042516,21
78,4,45,95,0,1,2.251,0,NA,NA,4.383,2.092,119.862770741368,69,1.3920807105042516,21
78,5,-45,0,-85,1,7.984,-85,NA,NA,4.383,2.972,170.283056712881,69,1.3920807105042516,-64
78,6,0,55,-19,1,1.867,-19,50,0.35144332691418806,4.384,3.097,177.445029152016,50,0.35144332691418806,-83
78,7,-30,0,-72,1,1.517,-72,NA,NA,4.383,2.343,134.244011399152,50,0.35144332691418806,-155
78,8,-30,0,-58,1,1.718,-58,NA,NA,4.383,0.835,47.8419758934237,50,0.35144332691418806,-213
78,9,-30,0,-62,1,2.067,0,50,0.35144332691418806,4.382,5.485,314.267350629257,50,0.35144332691418806,-213
78,10,45,122,0,1,1.717,0,NA,NA,4.383,1.715,98.2622618649362,50,0.35144332691418806,-213
78,11,-45,0,-144,1,1.15,0,50,0.35144332691418806,4.384,5.736,328.64859128704,50,0.35144332691418806,-213
78,12,0,40,-44,0,3.517,0,NA,NA,NA,NA,NA,50,0.35144332691418806,-213
78,13,-45,0,-102,1,3.901,0,NA,NA,4.384,4.856,278.228305315528,50,0.35144332691418806,-213
78,14,0,55,-19,1,2.2,-19,50,0.35144332691418806,4.385,0.333,19.0794945778564,50,0.35144332691418806,-232
78,15,0,55,-110,1,1.085,-110,NA,NA,4.382,1.087,62.2805123307205,50,0.35144332691418806,-342
78,16,55,124,0,1,1.817,0,NA,NA,4.383,3.06,175.325085310032,50,0.35144332691418806,-342
78,17,30,53,0,1,2.4,0,50,0.35144332691418806,4.384,1.175,67.3225409278717,50,0.35144332691418806,-342
78,18,0,40,-80,1,0.95,-80,NA,NA,4.383,0.207,11.860226359208,50,0.35144332691418806,-422
78,19,55,97,0,1,2.334,97,NA,NA,4.383,4.731,271.066332876392,50,0.35144332691418806,-325
78,20,-55,0,-113,1,3.734,-113,16,-1.5107498858259258,4.383,2.72,155.844520275584,16,-1.5107498858259258,-438
78,21,0,55,-35,1,2.551,55,NA,NA,4.382,5.862,335.867859505689,16,-1.5107498858259258,-383
78,22,0,40,-80,1,1.066,-80,0,-2.3870761035859798,4.383,2.218,127.082038960017,0,-2.3870761035859798,-463
78,23,-55,0,-103,1,1.683,-103,NA,NA,4.384,2.846,163.063788494232,0,-2.3870761035859798,-566
78,24,35,140,0,1,8.15,140,NA,NA,4.383,5.862,335.867859505689,0,-2.3870761035859798,-426
78,25,-45,0,-98,0,3.233,-45,50,0.35144332691418806,NA,NA,NA,50,0.35144332691418806,-471
78,26,35,62,0,1,2.284,0,NA,NA,4.384,2.595,148.682547836449,50,0.35144332691418806,-471
78,27,0,55,-28,0,2.717,0,NA,NA,NA,NA,NA,50,0.35144332691418806,-471
78,28,45,180,0,1,2.134,0,50,0.35144332691418806,4.382,0.71,40.6800034542884,50,0.35144332691418806,-471
78,29,-30,0,-56,1,5.518,0,NA,NA,4.382,5.736,328.64859128704,50,0.35144332691418806,-471
78,30,35,66,0,1,2.6,0,38,-0.30580133640585216,4.383,3.097,177.445029152016,38,-0.30580133640585216,-471
79,1,-35,0,-66,1,5.401,0,76,2.332272870749752,4.383,5.322,304.928138568624,76,2.332272870749752,0
79,2,0,55,-42,1,9.4,-42,NA,NA,4.383,1.427,81.7610773651685,76,2.332272870749752,-42
79,3,55,90,0,1,7.4,0,62,0.976487949345052,4.383,0.081,4.64095814055967,62,0.976487949345052,-42
79,4,-30,0,-55,0,6.468,-30,NA,NA,NA,NA,NA,62,0.976487949345052,-72
79,5,0,75,-58,0,8.399,0,NA,NA,NA,NA,NA,62,0.976487949345052,-72
79,6,55,90,0,1,13.367,0,50,-0.18561341185897656,4.383,1.301,74.5418091465201,50,-0.18561341185897656,-72
79,7,-45,0,-90,0,8.383,-45,NA,NA,NA,NA,NA,50,-0.18561341185897656,-117
79,8,-35,0,-70,0,4.416,-35,NA,NA,NA,NA,NA,50,-0.18561341185897656,-152
79,9,0,75,-15,1,3.368,75,58,0.5891208289437091,4.383,3.94,225.745371281544,58,0.5891208289437091,-77
79,10,0,40,-54,0,6.367,0,NA,NA,NA,NA,NA,58,0.5891208289437091,-77
79,11,0,55,-28,1,7.383,-28,50,-0.18561341185897656,4.383,0.17,9.740282517224,50,-0.18561341185897656,-105
79,12,55,110,0,1,7.433,110,NA,NA,4.382,5.197,297.766166129489,50,-0.18561341185897656,5
79,13,0,40,-8,1,11.35,-8,NA,NA,4.383,2.055,117.742826899384,50,-0.18561341185897656,-3
79,14,0,40,-44,0,4.466,0,54,0.2017537085423663,NA,NA,NA,54,0.2017537085423663,-3
79,15,35,84,0,0,8.35,35,NA,NA,NA,NA,NA,54,0.2017537085423663,32
79,16,-35,0,-95,0,14.501,-35,NA,NA,NA,NA,NA,54,0.2017537085423663,-3
79,17,-35,0,-84,1,3.534,-84,45,-0.6698223123606551,4.383,1.804,103.361586241601,45,-0.6698223123606551,-87
79,18,35,112,0,1,7.55,112,NA,NA,4.383,3.186,182.54435352868,45,-0.6698223123606551,25
79,19,-55,0,-220,0,2.683,-55,NA,NA,NA,NA,NA,45,-0.6698223123606551,-30
79,20,-30,0,-64,0,4.35,-30,44,-0.7666640924609908,NA,NA,NA,44,-0.7666640924609908,-60
79,21,55,90,0,1,15.367,0,NA,NA,4.384,2.558,146.562603994465,44,-0.7666640924609908,-60
79,22,45,74,0,0,2.351,45,50,-0.18561341185897656,NA,NA,NA,50,-0.18561341185897656,-15
79,23,-35,0,-66,0,4.366,-35,NA,NA,NA,NA,NA,50,-0.18561341185897656,-50
79,24,55,149,0,1,7.366,0,NA,NA,4.383,0.044,2.52101429857562,50,-0.18561341185897656,-50
79,25,0,55,-28,0,2.634,0,50,-0.18561341185897656,NA,NA,NA,50,-0.18561341185897656,-50
79,26,35,70,0,1,21.664,70,NA,NA,4.384,5.071,290.54689791084,50,-0.18561341185897656,20
79,27,-55,0,-124,0,8.367,-55,NA,NA,NA,NA,NA,50,-0.18561341185897656,-35
79,28,55,124,0,1,4.517,0,50,-0.18561341185897656,4.383,1.05,60.1605684887364,50,-0.18561341185897656,-35
79,29,35,76,0,1,3.382,0,NA,NA,4.383,2.432,139.343335775816,50,-0.18561341185897656,-35
79,30,-55,0,-110,0,6.468,-55,34,-1.735081893464348,NA,NA,NA,34,-1.735081893464348,-90
80,1,30,60,0,1,16.317,60,64,0.382931770425486,4.382,4.82,276.165657253057,64,0.382931770425486,60
80,2,0,75,-75,1,8.751,75,NA,NA,4.383,6.076,348.129156321488,64,0.382931770425486,135
80,3,0,75,-150,1,6.101,-150,48,-0.27352269316106126,4.382,2.055,117.742826899384,48,-0.27352269316106126,-15
80,4,30,56,0,1,4.519,56,NA,NA,4.381,3.563,204.144862405112,48,-0.27352269316106126,41
80,5,-30,0,-62,1,4.268,-62,NA,NA,4.382,2.935,168.163112870897,48,-0.27352269316106126,-21
80,6,-55,0,-117,0,3.767,-55,41,-0.5607215209801757,NA,NA,NA,41,-0.5607215209801757,-76
80,7,-30,0,-62,1,4.917,0,NA,NA,4.384,3.186,182.54435352868,41,-0.5607215209801757,-76
80,8,-45,0,-87,1,5.584,0,NA,NA,4.383,3.437,196.925594186464,41,-0.5607215209801757,-76
80,9,30,55,0,1,5.317,55,100,1.8599543134952172,4.382,5.825,333.747915663705,100,1.8599543134952172,-21
80,10,35,74,0,1,3.6,74,NA,NA,4.382,3.312,189.763621747329,100,1.8599543134952172,53
80,11,35,60,0,1,3.532,60,100,1.8599543134952172,4.383,5.574,319.366675005921,100,1.8599543134952172,113
80,12,0,55,-61,1,5.051,-61,NA,NA,4.383,0.17,9.740282517224,100,1.8599543134952172,52
80,13,-35,0,-79,0,38.536,-35,NA,NA,NA,NA,NA,100,1.8599543134952172,17
80,14,-55,0,-132,1,2.534,-132,25,-1.217175984566723,4.383,2.306,132.124067557168,25,-1.217175984566723,-115
80,15,0,75,-150,0,4.768,0,NA,NA,NA,NA,NA,25,-1.217175984566723,-115
80,16,0,40,-31,1,3.62,40,NA,NA,4.38,5.197,297.766166129489,25,-1.217175984566723,-75
80,17,-45,0,-108,1,3.317,0,48,-0.27352269316106126,4.383,5.951,340.967183882353,48,-0.27352269316106126,-75
80,18,30,55,0,1,3.968,0,NA,NA,4.382,1.427,81.7610773651685,48,-0.27352269316106126,-75
80,19,0,55,-19,1,7.635,-19,NA,NA,4.382,1.05,60.1605684887364,48,-0.27352269316106126,-94
80,20,-30,0,-64,1,2.8,0,50,-0.19146588521274285,4.383,3.312,189.763621747329,50,-0.19146588521274285,-94
80,21,-55,0,-90,0,2.95,-55,NA,NA,NA,NA,NA,50,-0.19146588521274285,-149
80,22,55,97,0,1,3.051,0,37,-0.7248351368768124,4.382,2.935,168.163112870897,37,-0.7248351368768124,-149
80,23,-55,0,-94,0,3.102,-55,NA,NA,NA,NA,NA,37,-0.7248351368768124,-204
80,24,45,90,0,1,4.734,90,NA,NA,4.383,5.574,319.366675005921,37,-0.7248351368768124,-114
80,25,35,62,0,1,3.584,62,69,0.588073790296282,4.382,6.202,355.348424540137,69,0.588073790296282,-52
80,26,0,75,-48,1,10.751,75,NA,NA,4.382,5.951,340.967183882353,69,0.588073790296282,23
80,27,0,40,-26,1,2.867,-26,NA,NA,4.384,0.673,38.5600596123044,69,0.588073790296282,-3
80,28,35,112,0,1,2.433,0,34,-0.8479203487992901,4.383,0.421,24.1215231750077,34,-0.8479203487992901,-3
80,29,30,65,0,1,2.152,65,NA,NA,4.381,5.951,340.967183882353,34,-0.8479203487992901,62
80,30,-55,0,-100,0,1.885,-55,40,-0.6017499249543349,NA,NA,NA,40,-0.6017499249543349,7
81,1,0,75,-150,1,9.8,75,50,0.5297284633639759,4.383,6.239,357.468368382121,50,0.5297284633639759,75
81,2,-55,0,-94,1,8.368,0,NA,NA,4.382,3.563,204.144862405112,50,0.5297284633639759,75
81,3,-55,0,-97,1,7.55,0,52,0.9535112340551567,4.384,6.113,350.249100163472,52,0.9535112340551567,75
81,4,45,82,0,1,5.699,82,NA,NA,4.383,4.605,263.847064657744,52,0.9535112340551567,157
81,5,0,40,-36,0,8.019,0,NA,NA,NA,NA,NA,52,0.9535112340551567,157
81,6,-55,0,-220,0,6.483,-55,41,-1.3772940047463376,NA,NA,NA,41,-1.3772940047463376,102
81,7,-35,0,-140,0,2.833,-35,NA,NA,NA,NA,NA,41,-1.3772940047463376,67
81,8,-30,0,-65,0,4.184,-30,NA,NA,NA,NA,NA,41,-1.3772940047463376,37
81,9,0,40,-8,1,5.333,40,52,0.9535112340551567,4.385,6.202,355.348424540137,52,0.9535112340551567,77
81,10,45,79,0,0,4.1,45,NA,NA,NA,NA,NA,52,0.9535112340551567,122
81,11,-45,0,-77,1,6.966,0,53,1.1654026194007472,4.383,5.825,333.747915663705,53,1.1654026194007472,122
81,12,0,55,-110,1,5.247,55,NA,NA,4.383,4.731,271.066332876392,53,1.1654026194007472,177
81,13,45,95,0,1,2.766,0,NA,NA,4.384,0.547,31.340791393656,53,1.1654026194007472,177
81,14,35,70,0,1,3.932,0,44,-0.7416198487095663,4.384,1.05,60.1605684887364,44,-0.7416198487095663,177
81,15,45,98,0,1,6.019,98,NA,NA,4.381,5.322,304.928138568624,44,-0.7416198487095663,275
81,16,45,102,0,1,2.833,0,NA,NA,4.383,2.055,117.742826899384,44,-0.7416198487095663,275
81,17,0,75,-83,1,5.667,-83,43,-0.9535112340551567,4.382,2.558,146.562603994465,43,-0.9535112340551567,192
81,18,30,72,0,1,2.533,72,NA,NA,4.384,4.694,268.946389034408,43,-0.9535112340551567,264
81,19,0,75,-150,1,6.467,-150,NA,NA,4.383,2.055,117.742826899384,43,-0.9535112340551567,114
81,20,-30,0,-55,1,20.65,-55,43,-0.9535112340551567,4.383,1.301,74.5418091465201,43,-0.9535112340551567,59
81,21,-35,0,-95,0,2.083,-35,NA,NA,NA,NA,NA,43,-0.9535112340551567,24
81,22,55,117,0,1,2.934,117,54,1.3772940047463376,4.383,5.951,340.967183882353,54,1.3772940047463376,141
81,23,35,76,0,1,1.983,0,NA,NA,4.383,0.296,16.9595507358724,54,1.3772940047463376,141
81,24,45,85,0,0,3.6,45,NA,NA,NA,NA,NA,54,1.3772940047463376,186
81,25,-30,0,-65,0,3.849,-30,44,-0.7416198487095663,NA,NA,NA,44,-0.7416198487095663,156
81,26,-45,0,-82,1,4.532,0,NA,NA,4.384,3.689,211.364130623761,44,-0.7416198487095663,156
81,27,0,55,-55,1,5.584,55,NA,NA,4.383,3.186,182.54435352868,44,-0.7416198487095663,211
81,28,-45,0,-74,1,3.649,0,50,0.5297284633639759,4.384,5.699,326.528647445056,50,0.5297284633639759,211
81,29,30,62,0,1,2.481,62,NA,NA,4.383,5.574,319.366675005921,50,0.5297284633639759,273
81,30,0,75,-101,1,6.733,-101,44,-0.7416198487095663,4.383,0.798,45.7220320514397,44,-0.7416198487095663,172
82,1,-45,0,-79,1,24.05,0,50,-1.8554090619823067,4.383,3.725,213.426778686232,50,-1.8554090619823067,0
82,2,-35,0,-74,1,8.167,-74,NA,NA,4.383,2.595,148.682547836449,50,-1.8554090619823067,-74
82,3,-30,0,-65,0,2.9,-30,50,-1.8554090619823067,NA,NA,NA,50,-1.8554090619823067,-104
82,4,-35,0,-70,1,4.951,0,NA,NA,4.382,5.485,314.267350629257,50,-1.8554090619823067,-104
82,5,35,95,0,1,4.95,95,NA,NA,4.383,3.851,220.64604690488,50,-1.8554090619823067,-9
82,6,0,75,-75,1,7.234,75,69,0.34788919912168254,4.382,3.474,199.045538028448,69,0.34788919912168254,66
82,7,30,81,0,0,3.8,30,NA,NA,NA,NA,NA,69,0.34788919912168254,96
82,8,0,40,-40,1,5.468,-40,NA,NA,4.382,1.212,69.4424847698558,69,0.34788919912168254,56
82,9,45,180,0,1,6.401,180,77,1.275593730112836,4.383,3.6,206.264806247096,77,1.275593730112836,236
82,10,-45,0,-180,0,5.767,-45,NA,NA,NA,NA,NA,77,1.275593730112836,191
82,11,55,100,0,1,5.05,0,63,-0.34788919912168254,4.383,3.097,177.445029152016,63,-0.34788919912168254,191
82,12,30,51,0,1,3.635,51,NA,NA,4.382,4.731,271.066332876392,63,-0.34788919912168254,242
82,13,55,110,0,1,4.584,0,NA,NA,4.382,0.207,11.860226359208,63,-0.34788919912168254,242
82,14,0,75,-150,0,2.785,0,70,0.4638522654955767,NA,NA,NA,70,0.4638522654955767,242
82,15,0,40,-54,0,2.168,0,NA,NA,NA,NA,NA,70,0.4638522654955767,242
82,16,0,75,-67,1,4.151,-67,NA,NA,4.383,2.092,119.862770741368,70,0.4638522654955767,175
82,17,-35,0,-64,1,4.318,0,71,0.5798153318694709,4.383,6.202,355.348424540137,71,0.5798153318694709,175
82,18,0,40,-40,0,2.067,0,NA,NA,NA,NA,NA,71,0.5798153318694709,175
82,19,55,100,0,1,4.417,0,NA,NA,4.384,0.961,55.0612441120721,71,0.5798153318694709,175
82,20,-55,0,-103,1,4.668,0,65,-0.11596306637389417,4.383,5.736,328.64859128704,65,-0.11596306637389417,175
82,21,30,120,0,0,2.167,30,NA,NA,NA,NA,NA,65,-0.11596306637389417,205
82,22,45,87,0,1,3.317,87,69,0.34788919912168254,4.383,6.239,357.468368382121,69,0.34788919912168254,292
82,23,-45,0,-180,0,4.935,-45,NA,NA,NA,NA,NA,69,0.34788919912168254,247
82,24,45,102,0,1,3.934,102,NA,NA,4.383,4.856,278.228305315528,69,0.34788919912168254,349
82,25,-35,0,-74,1,4.334,0,74,0.9277045309911534,4.383,4.982,285.447573534176,74,0.9277045309911534,349
82,26,-45,0,-102,1,4.668,0,NA,NA,4.382,5.862,335.867859505689,74,0.9277045309911534,349
82,27,0,55,-61,0,3.917,0,NA,NA,NA,NA,NA,74,0.9277045309911534,349
82,28,30,51,0,0,2.766,30,72,0.6957783982433651,NA,NA,NA,72,0.6957783982433651,379
82,29,0,40,-36,0,3.584,0,NA,NA,NA,NA,NA,72,0.6957783982433651,379
82,30,-35,0,-112,0,1.851,-35,62,-0.4638522654955767,NA,NA,NA,62,-0.4638522654955767,344
83,1,-35,0,-95,0,12.469,-35,73,0.27133118874864837,NA,NA,NA,73,0.27133118874864837,-35
83,2,-55,0,-103,1,6.217,-103,NA,NA,4.383,2.683,153.7245764336,73,0.27133118874864837,-138
83,3,0,75,-26,1,6.634,75,83,0.8050974616968096,4.382,3.312,189.763621747329,83,0.8050974616968096,-63
83,4,0,75,-38,1,19.15,75,NA,NA,4.383,6.202,355.348424540137,83,0.8050974616968096,12
83,5,0,55,-35,1,4.698,55,NA,NA,4.383,4.354,249.46582399996,83,0.8050974616968096,67
83,6,35,95,0,0,1.166,35,92,1.2854871073501548,NA,NA,NA,92,1.2854871073501548,102
83,7,-55,0,-117,1,5.066,-117,NA,NA,4.383,2.218,127.082038960017,92,1.2854871073501548,-15
83,8,45,98,0,0,2.084,45,NA,NA,NA,NA,NA,92,1.2854871073501548,30
83,9,30,49,0,0,1.717,30,90,1.1787338527605224,NA,NA,NA,90,1.1787338527605224,60
83,10,0,40,-31,1,2.117,40,NA,NA,4.383,4.982,285.447573534176,90,1.1787338527605224,100
83,11,-35,0,-60,0,4.482,-35,84,0.8584740889916257,NA,NA,NA,84,0.8584740889916257,65
83,12,-30,0,-72,1,8.567,0,NA,NA,4.386,3.437,196.925594186464,84,0.8584740889916257,65
83,13,0,55,-110,1,7.034,-110,NA,NA,4.384,1.087,62.2805123307205,84,0.8584740889916257,-45
83,14,-45,0,-95,0,2.466,-45,66,-0.10230520231506449,NA,NA,NA,66,-0.10230520231506449,-90
83,15,35,79,0,0,4.417,35,NA,NA,NA,NA,NA,66,-0.10230520231506449,-55
83,16,35,76,0,1,12.117,76,NA,NA,4.383,3.474,199.045538028448,66,-0.10230520231506449,21
83,17,30,51,0,0,2.4,30,71,0.16457793415901611,NA,NA,NA,71,0.16457793415901611,51
83,18,0,55,-49,1,3.383,-49,NA,NA,4.383,1.464,83.8810212071525,71,0.16457793415901611,2
83,19,45,77,0,0,1.45,45,NA,NA,NA,NA,NA,71,0.16457793415901611,47
83,20,-35,0,-74,1,10.201,-74,50,-0.9563312390321225,4.383,1.175,67.3225409278717,50,-0.9563312390321225,-27
83,21,0,40,-31,1,3.867,40,NA,NA,4.383,5.825,333.747915663705,50,-0.9563312390321225,13
83,22,-35,0,-72,1,27.034,0,65,-0.1556818296098806,4.383,4.191,240.126611939328,65,-0.1556818296098806,13
83,23,55,149,0,0,33.634,55,NA,NA,NA,NA,NA,65,-0.1556818296098806,68
83,24,-35,0,-140,0,2.5,-35,NA,NA,NA,NA,NA,65,-0.1556818296098806,33
83,25,45,82,0,1,1.55,0,63,-0.26243508419951284,4.382,1.841,105.481530083585,63,-0.26243508419951284,33
83,26,-55,0,-120,0,2.566,-55,NA,NA,NA,NA,NA,63,-0.26243508419951284,-22
83,27,0,75,-150,1,2,-150,NA,NA,4.383,1.212,69.4424847698558,63,-0.26243508419951284,-172
83,28,-35,0,-79,1,3.733,-79,28,-2.1306170395180772,4.383,2.809,160.943844652248,28,-2.1306170395180772,-251
83,29,30,65,0,0,1.767,30,NA,NA,NA,NA,NA,28,-2.1306170395180772,-221
83,30,35,64,0,0,1.266,35,50,-0.9563312390321225,NA,NA,NA,50,-0.9563312390321225,-186
84,1,55,103,0,0,5.485,55,58,0.3833267355238781,NA,NA,NA,58,0.3833267355238781,55
84,2,-45,0,-180,1,3.651,-180,NA,NA,4.382,0.458,26.2414670169917,58,0.3833267355238781,-125
84,3,0,75,-15,1,4.517,-15,50,-0.35266059668196825,4.383,2.972,170.283056712881,50,-0.35266059668196825,-140
84,4,0,40,-20,1,6.651,40,NA,NA,4.382,3.977,227.865315123528,50,-0.35266059668196825,-100
84,5,0,40,-40,1,3.3,-40,NA,NA,4.383,0.081,4.64095814055967,50,-0.35266059668196825,-140
84,6,-35,0,-64,1,4.284,0,59,0.47532515204960885,4.383,5.736,328.64859128704,59,0.47532515204960885,-140
84,7,0,75,-101,0,5.402,0,NA,NA,NA,NA,NA,59,0.47532515204960885,-140
84,8,-30,0,-120,0,5.985,-30,NA,NA,NA,NA,NA,59,0.47532515204960885,-170
84,9,55,107,0,1,3.267,107,69,1.3953093173069169,4.383,4.945,283.327629692192,69,1.3953093173069169,-63
84,10,-55,0,-97,0,7.717,-55,NA,NA,NA,NA,NA,69,1.3953093173069169,-118
84,11,55,132,0,1,2.95,0,50,-0.35266059668196825,4.384,2.306,132.124067557168,50,-0.35266059668196825,-118
84,12,0,40,-44,1,7.151,40,NA,NA,4.382,4.694,268.946389034408,50,-0.35266059668196825,-78
84,13,55,120,0,1,4.501,120,NA,NA,4.383,4.945,283.327629692192,50,-0.35266059668196825,42
84,14,30,51,0,1,3.95,0,61,0.6593219851010704,4.382,2.935,168.163112870897,61,0.6593219851010704,42
84,15,35,140,0,1,4.55,0,NA,NA,4.383,1.804,103.361586241601,61,0.6593219851010704,42
84,16,-35,0,-140,0,5.7,-35,NA,NA,NA,NA,NA,61,0.6593219851010704,7
84,17,45,95,0,1,2.884,0,50,-0.35266059668196825,4.383,3.06,175.325085310032,50,-0.35266059668196825,7
84,18,-55,0,-107,1,6.798,0,NA,NA,4.384,3.348,191.8262698098,50,-0.35266059668196825,7
84,19,30,68,0,1,2.75,0,NA,NA,4.383,1.301,74.5418091465201,50,-0.35266059668196825,7
84,20,-45,0,-79,1,4.467,0,73,1.76330298340984,4.383,4.102,235.027287562664,73,1.76330298340984,7
84,21,35,62,0,0,4.451,35,NA,NA,NA,NA,NA,73,1.76330298340984,42
84,22,0,55,-55,0,8.751,0,50,-0.35266059668196825,NA,NA,NA,50,-0.35266059668196825,42
84,23,-55,0,-176,1,3.934,0,NA,NA,4.382,5.448,312.147406787273,50,-0.35266059668196825,42
84,24,45,82,0,1,2.75,82,NA,NA,4.382,3.725,213.426778686232,50,-0.35266059668196825,124
84,25,45,180,0,1,2.985,0,50,-0.35266059668196825,4.382,1.087,62.2805123307205,50,-0.35266059668196825,124
84,26,-55,0,-103,1,4.317,0,NA,NA,4.383,4.191,240.126611939328,50,-0.35266059668196825,124
84,27,-45,0,-108,1,4.201,-108,NA,NA,4.382,1.966,112.64350252272,50,-0.35266059668196825,16
84,28,0,75,-58,1,4.785,-58,34,-1.824635261093661,4.383,1.715,98.2622618649362,34,-1.824635261093661,-42
84,29,0,40,-14,1,7.301,40,NA,NA,4.383,5.197,297.766166129489,34,-1.824635261093661,-2
84,30,-55,0,-220,0,5.601,-55,42,-1.0886479288878146,NA,NA,NA,42,-1.0886479288878146,-57
85,1,0,40,-26,0,24.567,0,79,1.3303532946620493,NA,NA,NA,79,1.3303532946620493,0
85,2,0,40,-80,1,10.833,40,NA,NA,4.384,5.862,335.867859505689,79,1.3303532946620493,40
85,3,-35,0,-140,0,9.019,-35,64,-0.5259536281222055,NA,NA,NA,64,-0.5259536281222055,5
85,4,-35,0,-140,0,5.834,-35,NA,NA,NA,NA,NA,64,-0.5259536281222055,-30
85,5,0,40,-14,1,9.401,-14,NA,NA,4.382,0.961,55.0612441120721,64,-0.5259536281222055,-44
85,6,55,107,0,0,5.317,55,69,0.09281534613921275,NA,NA,NA,69,0.09281534613921275,11
85,7,-55,0,-90,1,9.316,-90,NA,NA,4.383,0.081,4.64095814055967,69,0.09281534613921275,-79
85,8,-55,0,-176,0,6.766,-55,NA,NA,NA,NA,NA,69,0.09281534613921275,-134
85,9,0,75,-83,1,4.616,-83,50,-2.2585067560541767,4.384,1.464,83.8810212071525,50,-2.2585067560541767,-217
85,10,-45,0,-87,1,5.667,-87,NA,NA,4.383,2.72,155.844520275584,50,-2.2585067560541767,-304
85,11,0,55,-11,1,3.366,55,62,-0.7734612178267728,4.383,4.354,249.46582399996,62,-0.7734612178267728,-249
85,12,0,55,-55,1,4.301,-55,NA,NA,4.383,3.097,177.445029152016,62,-0.7734612178267728,-304
85,13,55,132,0,1,2.818,132,NA,NA,4.383,6.239,357.468368382121,62,-0.7734612178267728,-172
85,14,30,64,0,0,4.716,30,71,0.34032293584378004,NA,NA,NA,71,0.34032293584378004,-142
85,15,55,103,0,0,1.983,55,NA,NA,NA,NA,NA,71,0.34032293584378004,-87
85,16,30,56,0,0,3.198,30,NA,NA,NA,NA,NA,71,0.34032293584378004,-57
85,17,0,55,-28,1,5.383,55,75,0.8353381152529147,4.383,5.108,292.666841752824,75,0.8353381152529147,-2
85,18,-30,0,-72,1,6.167,0,NA,NA,4.383,4.731,271.066332876392,75,0.8353381152529147,-2
85,19,35,64,0,1,2.717,0,NA,NA,4.383,1.841,105.481530083585,75,0.8353381152529147,-2
85,20,55,124,0,0,2.834,55,75,0.8353381152529147,NA,NA,NA,75,0.8353381152529147,53
85,21,-45,0,-79,1,11.267,0,NA,NA,4.383,3.851,220.64604690488,75,0.8353381152529147,53
85,22,0,55,-28,1,4.734,55,76,0.9590919101051983,4.383,3.474,199.045538028448,76,0.9590919101051983,108
85,23,45,77,0,1,3.083,0,NA,NA,4.383,1.715,98.2622618649362,76,0.9590919101051983,108
85,24,-45,0,-74,1,3.368,0,NA,NA,4.383,3.725,213.426778686232,76,0.9590919101051983,108
85,25,-35,0,-84,0,6.867,-35,71,0.34032293584378004,NA,NA,NA,71,0.34032293584378004,73
85,26,35,66,0,1,2.518,66,NA,NA,4.382,3.474,199.045538028448,71,0.34032293584378004,139
85,27,30,58,0,1,3.833,0,NA,NA,4.383,0.835,47.8419758934237,71,0.34032293584378004,139
85,28,35,66,0,1,2.6,0,63,-0.6497074229744891,4.383,0.835,47.8419758934237,63,-0.6497074229744891,139
85,29,-35,0,-62,1,2.717,0,NA,NA,4.384,4.102,235.027287562664,63,-0.6497074229744891,139
85,30,-30,0,-53,1,4.801,0,64,-0.5259536281222055,4.383,4.982,285.447573534176,64,-0.5259536281222055,139
86,1,-35,0,-79,0,12.553,-35,23,-1.114013303792033,NA,NA,NA,23,-1.114013303792033,-35
86,2,0,75,-150,1,10.35,75,NA,NA,4.385,4.354,249.46582399996,23,-1.114013303792033,40
86,3,0,40,-20,1,14.899,-20,28,-0.7342360411356581,4.382,2.218,127.082038960017,28,-0.7342360411356581,20
86,4,-35,0,-68,0,5.789,-35,NA,NA,NA,NA,NA,28,-0.7342360411356581,-15
86,5,35,95,0,1,10.418,0,NA,NA,4.383,0.207,11.860226359208,28,-0.7342360411356581,-15
86,6,0,75,-15,1,6.666,-15,34,-0.27850332594800814,4.383,0.961,55.0612441120721,34,-0.27850332594800814,-30
86,7,-30,0,-72,0,11.834,-30,NA,NA,NA,NA,NA,34,-0.27850332594800814,-60
86,8,45,102,0,1,6.784,102,NA,NA,4.383,5.485,314.267350629257,34,-0.27850332594800814,42
86,9,-35,0,-95,0,6.284,-35,35,-0.20254787341673314,NA,NA,NA,35,-0.20254787341673314,7
86,10,30,120,0,1,9.937,120,NA,NA,4.381,5.233,299.82881419196,35,-0.20254787341673314,127
86,11,0,55,-110,0,5.885,0,50,0.9367839145523917,NA,NA,NA,50,0.9367839145523917,127
86,12,0,55,-110,0,8.668,0,NA,NA,NA,NA,NA,50,0.9367839145523917,127
86,13,55,100,0,1,7.287,0,NA,NA,4.38,2.595,148.682547836449,50,0.9367839145523917,127
86,14,30,64,0,1,9.049,0,50,0.9367839145523917,4.401,0.333,19.0794945778564,50,0.9367839145523917,127
86,15,-45,0,-93,0,9.833,-45,NA,NA,NA,NA,NA,50,0.9367839145523917,82
86,16,45,82,0,1,5.002,0,NA,NA,4.381,0.207,11.860226359208,50,0.9367839145523917,82
86,17,55,100,0,1,3.835,0,33,-0.3544587784792831,4.38,2.218,127.082038960017,33,-0.3544587784792831,82
86,18,-45,0,-74,1,6.734,-74,NA,NA,4.384,0.207,11.860226359208,33,-0.3544587784792831,8
86,19,0,55,-61,1,8.401,-61,NA,NA,4.384,2.469,141.4632796178,33,-0.3544587784792831,-53
86,20,-45,0,-85,0,3.651,-45,25,-0.962102398729483,NA,NA,NA,25,-0.962102398729483,-98
86,21,35,64,0,0,3.638,35,NA,NA,NA,NA,NA,25,-0.962102398729483,-63
86,22,55,117,0,1,3.817,117,64,2.0001602499902416,4.385,5.485,314.267350629257,64,2.0001602499902416,54
86,23,0,75,-38,1,4.736,-38,NA,NA,4.385,2.846,163.063788494232,64,2.0001602499902416,16
86,24,-35,0,-66,0,3.005,-35,NA,NA,NA,NA,NA,64,2.0001602499902416,-19
86,25,35,112,0,1,5.718,0,38,0.025318484177091843,4.382,1.464,83.8810212071525,38,0.025318484177091843,-19
86,26,-45,0,-144,0,4.851,-45,NA,NA,NA,NA,NA,38,0.025318484177091843,-64
86,27,0,55,-28,1,9.556,-28,NA,NA,4.378,1.841,105.481530083585,38,0.025318484177091843,-92
86,28,-45,0,-79,1,10.899,0,50,0.9367839145523917,4.383,5.862,335.867859505689,50,0.9367839145523917,-92
86,29,-35,0,-64,1,6.282,-64,NA,NA,4.383,2.846,163.063788494232,50,0.9367839145523917,-156
86,30,55,117,0,1,4.651,0,22,-1.1899687563233081,4.385,2.218,127.082038960017,22,-1.1899687563233081,-156
87,1,30,68,0,0,9.984,30,79,1.5990164973561387,NA,NA,NA,79,1.5990164973561387,30
87,2,0,75,-101,0,14.134,0,NA,NA,NA,NA,NA,79,1.5990164973561387,30
87,3,-45,0,-108,1,28.867,-108,22,-1.8841914140820746,4.383,1.589,91.0429936462878,22,-1.8841914140820746,-78
87,4,-30,0,-56,1,13.834,0,NA,NA,4.382,4.479,256.627796439096,22,-1.8841914140820746,-78
87,5,0,55,-11,1,6.584,55,NA,NA,4.383,4.102,235.027287562664,22,-1.8841914140820746,-23
87,6,-30,0,-62,1,7.535,0,50,-0.17314191372646104,4.381,4.066,232.964639500193,50,-0.17314191372646104,-23
87,7,-35,0,-64,1,8.301,0,NA,NA,4.383,4.317,247.345880157976,50,-0.17314191372646104,-23
87,8,-30,0,-64,1,6.2,0,NA,NA,4.383,5.233,299.82881419196,50,-0.17314191372646104,-23
87,9,35,70,0,1,7.883,70,67,0.8657095686323043,4.383,3.474,199.045538028448,67,0.8657095686323043,47
87,10,-45,0,-102,1,8.182,0,NA,NA,4.383,3.474,199.045538028448,67,0.8657095686323043,47
87,11,-45,0,-144,0,3.899,-45,57,0.2546204613624424,NA,NA,NA,57,0.2546204613624424,2
87,12,0,55,-19,1,4.65,-19,NA,NA,4.383,1.464,83.8810212071525,57,0.2546204613624424,-17
87,13,0,75,-101,0,4.583,0,NA,NA,NA,NA,NA,57,0.2546204613624424,-17
87,14,0,75,-150,0,4.515,0,50,-0.17314191372646104,NA,NA,NA,50,-0.17314191372646104,-17
87,15,55,149,0,1,5.584,0,NA,NA,4.384,0.961,55.0612441120721,50,-0.17314191372646104,-17
87,16,55,113,0,0,2.967,55,NA,NA,NA,NA,NA,50,-0.17314191372646104,38
87,17,-30,0,-62,0,9.15,-30,39,-0.8453399317233092,NA,NA,NA,39,-0.8453399317233092,8
87,18,45,122,0,0,10.9,45,NA,NA,NA,NA,NA,39,-0.8453399317233092,53
87,19,55,90,0,0,2.951,55,NA,NA,NA,NA,NA,39,-0.8453399317233092,108
87,20,-55,0,-90,1,18.334,-90,30,-1.395320128266185,4.383,2.558,146.562603994465,30,-1.395320128266185,18
87,21,-35,0,-57,1,18.218,-57,NA,NA,4.383,0.207,11.860226359208,30,-1.395320128266185,-39
87,22,-35,0,-74,1,9.151,0,60,0.43794719354340095,4.384,5.108,292.666841752824,60,0.43794719354340095,-39
87,23,0,75,-48,0,7.334,0,NA,NA,NA,NA,NA,60,0.43794719354340095,-39
87,24,30,81,0,0,5.266,30,NA,NA,NA,NA,NA,60,0.43794719354340095,-9
87,25,0,75,-101,0,3.3,0,50,-0.17314191372646104,NA,NA,NA,50,-0.17314191372646104,-9
87,26,30,51,0,0,4.501,30,NA,NA,NA,NA,NA,50,-0.17314191372646104,21
87,27,0,75,-150,0,6.817,0,NA,NA,NA,NA,NA,50,-0.17314191372646104,21
87,28,45,102,0,0,2.9,45,67,0.8657095686323043,NA,NA,NA,67,0.8657095686323043,66
87,29,30,64,0,0,2.901,30,NA,NA,NA,NA,NA,67,0.8657095686323043,96
87,30,55,107,0,0,2.184,55,63,0.6212739257243596,NA,NA,NA,63,0.6212739257243596,151
88,1,0,55,-110,1,5.367,-110,50,0.07274139609441567,4.382,2.055,117.742826899384,50,0.07274139609441567,-110
88,2,-55,0,-110,1,3.233,-110,NA,NA,4.383,2.558,146.562603994465,50,0.07274139609441567,-220
88,3,45,102,0,0,6.368,45,34,-1.3238934089183614,NA,NA,NA,34,-1.3238934089183614,-175
88,4,-30,0,-49,1,5.383,-49,NA,NA,4.383,1.427,81.7610773651685,34,-1.3238934089183614,-224
88,5,45,108,0,0,4.318,45,NA,NA,NA,NA,NA,34,-1.3238934089183614,-179
88,6,-35,0,-112,1,5.767,0,50,0.07274139609441567,4.383,6.202,355.348424540137,50,0.07274139609441567,-179
88,7,-55,0,-132,1,21.534,0,NA,NA,4.383,4.191,240.126611939328,50,0.07274139609441567,-179
88,8,0,55,-35,1,5.915,55,NA,NA,4.383,5.951,340.967183882353,50,0.07274139609441567,-124
88,9,0,55,-42,1,4.817,55,50,0.07274139609441567,4.384,5.825,333.747915663705,50,0.07274139609441567,-69
88,10,45,90,0,1,3.084,90,NA,NA,4.383,5.359,307.048082410608,50,0.07274139609441567,21
88,11,30,64,0,1,4.717,64,68,1.6439555517337898,4.383,4.568,261.72712081576,68,1.6439555517337898,85
88,12,35,79,0,1,2.335,0,NA,NA,4.381,1.552,88.9230498043038,68,1.6439555517337898,85
88,13,0,75,-26,1,2,-26,NA,NA,4.383,2.432,139.343335775816,68,1.6439555517337898,59
88,14,-35,0,-60,1,1.218,-60,50,0.07274139609441567,4.382,1.929,110.523558680736,50,0.07274139609441567,-1
88,15,55,113,0,1,3.134,113,NA,NA,4.383,4.694,268.946389034408,50,0.07274139609441567,112
88,16,55,132,0,1,2.585,0,NA,NA,4.382,1.589,91.0429936462878,50,0.07274139609441567,112
88,17,-55,0,-176,1,5.533,0,50,0.07274139609441567,4.383,5.699,326.528647445056,50,0.07274139609441567,112
88,18,0,75,-48,1,2.716,-48,NA,NA,4.384,1.804,103.361586241601,50,0.07274139609441567,64
88,19,-30,0,-56,0,3.384,-30,NA,NA,NA,NA,NA,50,0.07274139609441567,34
88,20,45,74,0,1,1.818,0,50,0.07274139609441567,4.381,0.044,2.52101429857562,50,0.07274139609441567,34
88,21,-35,0,-68,1,3.285,-68,NA,NA,4.382,2.469,141.4632796178,50,0.07274139609441567,-34
88,22,35,70,0,1,1.667,0,50,0.07274139609441567,4.383,2.306,132.124067557168,50,0.07274139609441567,-34
88,23,-55,0,-117,1,0.817,-117,NA,NA,4.382,0.421,24.1215231750077,50,0.07274139609441567,-151
88,24,0,55,-42,1,3.234,-42,NA,NA,4.383,0.798,45.7220320514397,50,0.07274139609441567,-193
88,25,0,40,-44,1,3.184,-44,24,-2.196790162051347,4.385,0.421,24.1215231750077,24,-2.196790162051347,-237
88,26,35,95,0,1,1.817,0,NA,NA,4.382,1.212,69.4424847698558,24,-2.196790162051347,-237
88,27,55,100,0,1,1.883,100,NA,NA,4.382,5.825,333.747915663705,24,-2.196790162051347,-137
88,28,0,75,-83,1,2.484,75,64,1.2947968504805956,4.383,6.239,357.468368382121,64,1.2947968504805956,-62
88,29,-55,0,-220,0,2.253,-55,NA,NA,NA,NA,NA,64,1.2947968504805956,-117
88,30,-30,0,-51,1,2.317,-51,50,0.07274139609441567,4.382,2.432,139.343335775816,50,0.07274139609441567,-168
89,1,0,40,-8,0,38.384,0,41,-0.2681090562367527,NA,NA,NA,41,-0.2681090562367527,0
89,2,0,55,-110,0,3.917,0,NA,NA,NA,NA,NA,41,-0.2681090562367527,0
89,3,0,55,-55,1,4.269,55,66,1.6024192430894277,4.381,4.443,254.565148376625,66,1.6024192430894277,55
89,4,0,75,-101,1,3.168,75,NA,NA,4.383,5.574,319.366675005921,66,1.6024192430894277,130
89,5,0,75,-150,0,4.766,0,NA,NA,NA,NA,NA,66,1.6024192430894277,130
89,6,35,76,0,0,5.067,35,64,1.4527769791433334,NA,NA,NA,64,1.4527769791433334,165
89,7,-30,0,-56,1,6.184,0,NA,NA,4.383,3.814,218.526103062896,64,1.4527769791433334,165
89,8,35,62,0,0,2.734,35,NA,NA,NA,NA,NA,64,1.4527769791433334,200
89,9,-30,0,-55,1,3.833,-55,38,-0.49257245215589435,4.383,0.961,55.0612441120721,38,-0.49257245215589435,145
89,10,-45,0,-144,1,5.434,0,NA,NA,4.382,5.825,333.747915663705,38,-0.49257245215589435,145
89,11,-55,0,-103,1,2.683,0,59,1.0786713192780972,4.383,4.066,232.964639500193,59,1.0786713192780972,145
89,12,35,74,0,0,2.05,35,NA,NA,NA,NA,NA,59,1.0786713192780972,180
89,13,45,95,0,0,1.416,45,NA,NA,NA,NA,NA,59,1.0786713192780972,225
89,14,35,84,0,1,6.534,0,40,-0.3429301882097999,4.382,1.715,98.2622618649362,40,-0.3429301882097999,225
89,15,0,75,-150,1,7.751,75,NA,NA,4.383,4.066,232.964639500193,40,-0.3429301882097999,300
89,16,-30,0,-60,1,5.267,-60,NA,NA,4.384,2.432,139.343335775816,40,-0.3429301882097999,240
89,17,35,79,0,0,2.066,35,50,0.40528113152067224,NA,NA,NA,50,0.40528113152067224,275
89,18,0,75,-58,1,3.351,75,NA,NA,4.383,5.322,304.928138568624,50,0.40528113152067224,350
89,19,-35,0,-72,1,4.518,-72,NA,NA,4.382,2.846,163.063788494232,50,0.40528113152067224,278
89,20,-55,0,-124,1,3.734,-124,32,-0.9414992439941777,4.382,2.432,139.343335775816,32,-0.9414992439941777,154
89,21,-45,0,-180,1,3.784,0,NA,NA,4.382,5.108,292.666841752824,32,-0.9414992439941777,154
89,22,-35,0,-68,0,5.266,-35,44,-0.04364566031761105,NA,NA,NA,44,-0.04364566031761105,119
89,23,-30,0,-53,1,6.417,0,NA,NA,4.383,5.825,333.747915663705,44,-0.04364566031761105,119
89,24,45,82,0,0,1.734,45,NA,NA,NA,NA,NA,44,-0.04364566031761105,164
89,25,35,140,0,1,2.351,0,47,0.1808177356015306,4.383,0.961,55.0612441120721,47,0.1808177356015306,164
89,26,35,62,0,1,2.684,62,NA,NA,4.383,5.108,292.666841752824,47,0.1808177356015306,226
89,27,0,55,-11,1,3.051,-11,NA,NA,4.383,2.469,141.4632796178,47,0.1808177356015306,215
89,28,35,140,0,1,2.217,0,23,-1.6148894317516027,4.383,0.924,52.9413002700881,23,-1.6148894317516027,215
89,29,45,82,0,1,3.334,82,NA,NA,4.382,5.197,297.766166129489,23,-1.6148894317516027,297
89,30,-55,0,-176,1,5.317,-176,31,-1.0163203759672248,4.383,0.673,38.5600596123044,31,-1.0163203759672248,121
90,1,0,75,-150,1,6.186,75,62,0.3128705681368333,4.382,5.359,307.048082410608,62,0.3128705681368333,75
90,2,35,84,0,0,4.733,35,NA,NA,NA,NA,NA,62,0.3128705681368333,110
90,3,-45,0,-82,1,3.367,-82,34,-2.023229673951522,4.383,2.469,141.4632796178,34,-2.023229673951522,28
90,4,35,64,0,1,3.234,64,NA,NA,4.382,4.856,278.228305315528,34,-2.023229673951522,92
90,5,-35,0,-76,1,9.968,0,NA,NA,4.382,3.725,213.426778686232,34,-2.023229673951522,92
90,6,0,75,-48,1,5.067,-48,41,-1.439204613429433,4.384,2.846,163.063788494232,41,-1.439204613429433,44
90,7,0,55,-49,1,3.884,55,NA,NA,4.383,5.108,292.666841752824,41,-1.439204613429433,99
90,8,0,55,-74,1,6.769,55,NA,NA,4.382,4.317,247.345880157976,41,-1.439204613429433,154
90,9,0,40,-8,1,3.717,40,71,1.063759931665233,4.383,4.82,276.165657253057,71,1.063759931665233,194
90,10,30,96,0,1,4.235,0,NA,NA,4.382,0.458,26.2414670169917,71,1.063759931665233,194
90,11,-45,0,-144,1,2.533,0,66,0.6465991741494554,4.384,3.223,184.664297370664,66,0.6465991741494554,194
90,12,-30,0,-55,1,4.434,0,NA,NA,4.383,5.448,312.147406787273,66,0.6465991741494554,194
90,13,-30,0,-64,1,7.185,0,NA,NA,4.382,4.317,247.345880157976,66,0.6465991741494554,194
90,14,30,49,0,0,3.8,30,71,1.063759931665233,NA,NA,NA,71,1.063759931665233,224
90,15,0,75,-83,1,4.551,-83,NA,NA,4.383,1.212,69.4424847698558,71,1.063759931665233,141
90,16,-30,0,-81,1,3.284,-81,NA,NA,4.383,1.212,69.4424847698558,71,1.063759931665233,60
90,17,-30,0,-64,1,3.983,-64,50,-0.6883152499010332,4.383,2.809,160.943844652248,50,-0.6883152499010332,-4
90,18,0,40,-54,1,3.202,-54,NA,NA,4.382,0.044,2.52101429857562,50,-0.6883152499010332,-58
90,19,30,72,0,1,3.3,0,NA,NA,4.384,0.835,47.8419758934237,50,-0.6883152499010332,-58
90,20,30,56,0,1,3.667,56,66,0.6465991741494554,4.382,4.228,242.246555781312,66,0.6465991741494554,-2
90,21,-35,0,-95,1,2.933,0,NA,NA,4.383,3.851,220.64604690488,66,0.6465991741494554,-2
90,22,35,112,0,1,4.251,0,63,0.3963027196399888,4.384,0.961,55.0612441120721,63,0.3963027196399888,-2
90,23,45,144,0,1,4.25,0,NA,NA,4.383,0.961,55.0612441120721,63,0.3963027196399888,-2
90,24,-45,0,-87,1,5.868,0,NA,NA,4.383,5.987,343.029831944824,63,0.3963027196399888,-2
90,25,55,220,0,1,6.801,0,67,0.730031325652611,4.383,0.547,31.340791393656,67,0.730031325652611,-2
90,26,45,79,0,1,4.617,0,NA,NA,4.384,0.207,11.860226359208,67,0.730031325652611,-2
90,27,-30,0,-55,1,5.967,-55,NA,NA,4.383,3.06,175.325085310032,67,0.730031325652611,-57
90,28,45,85,0,0,3.751,45,58,-0.020858037875788885,NA,NA,NA,58,-0.020858037875788885,-12
90,29,-30,0,-64,1,3.75,-64,NA,NA,4.383,0.296,16.9595507358724,58,-0.020858037875788885,-76
90,30,0,40,-36,1,4.85,40,50,-0.6883152499010332,4.383,4.856,278.228305315528,50,-0.6883152499010332,-36
91,1,45,95,0,0,15.7,45,65,0.5462526381583165,NA,NA,NA,65,0.5462526381583165,45
91,2,-55,0,-220,1,21.685,-220,NA,NA,4.383,1.175,67.3225409278717,65,0.5462526381583165,-175
91,3,0,40,-80,0,9.451,0,40,-1.6100077756245108,NA,NA,NA,40,-1.6100077756245108,-175
91,4,55,100,0,1,5.65,0,NA,NA,4.383,2.306,132.124067557168,40,-1.6100077756245108,-175
91,5,-35,0,-95,0,13.049,-35,NA,NA,NA,NA,NA,40,-1.6100077756245108,-210
91,6,0,40,-31,1,5.301,40,66,0.6325030547096295,4.382,3.312,189.763621747329,66,0.6325030547096295,-170
91,7,0,55,-35,1,3.515,-35,NA,NA,4.382,2.181,124.962095118033,66,0.6325030547096295,-205
91,8,0,55,-11,1,4.184,55,NA,NA,4.385,5.197,297.766166129489,66,0.6325030547096295,-150
91,9,-30,0,-62,1,7.1,-62,50,-0.7475036101113799,4.384,1.929,110.523558680736,50,-0.7475036101113799,-212
91,10,35,57,0,0,4.916,35,NA,NA,NA,NA,NA,50,-0.7475036101113799,-177
91,11,35,74,0,0,4.366,35,69,0.8912543043635688,NA,NA,NA,69,0.8912543043635688,-142
91,12,-30,0,-62,1,5.317,0,NA,NA,4.383,5.071,290.54689791084,69,0.8912543043635688,-142
91,13,30,62,0,0,3.167,30,NA,NA,NA,NA,NA,69,0.8912543043635688,-112
91,14,-35,0,-76,1,7.834,0,68,0.8050038878122557,4.386,5.825,333.747915663705,68,0.8050038878122557,-112
91,15,0,75,-48,1,4.783,75,NA,NA,4.383,3.94,225.745371281544,68,0.8050038878122557,-37
91,16,30,56,0,0,3.167,30,NA,NA,NA,NA,NA,68,0.8050038878122557,-7
91,17,0,75,-101,0,3.817,0,58,-0.05750027770087519,NA,NA,NA,58,-0.05750027770087519,-7
91,18,45,85,0,0,1.934,45,NA,NA,NA,NA,NA,58,-0.05750027770087519,38
91,19,-45,0,-180,0,6.019,-45,NA,NA,NA,NA,NA,58,-0.05750027770087519,-7
91,20,-35,0,-60,0,3.432,-35,40,-1.6100077756245108,NA,NA,NA,40,-1.6100077756245108,-42
91,21,-30,0,-55,0,5.167,-30,NA,NA,NA,NA,NA,40,-1.6100077756245108,-72
91,22,35,84,0,0,3.566,35,61,0.20125097195306407,NA,NA,NA,61,0.20125097195306407,-37
91,23,-55,0,-120,1,4.467,-120,NA,NA,4.382,1.212,69.4424847698558,61,0.20125097195306407,-157
91,24,-55,0,-149,0,5.199,-55,NA,NA,NA,NA,NA,61,0.20125097195306407,-212
91,25,-45,0,-144,0,5.018,-45,50,-0.7475036101113799,NA,NA,NA,50,-0.7475036101113799,-257
91,26,0,55,-61,1,2.685,-61,NA,NA,4.382,0.584,33.4607352356401,50,-0.7475036101113799,-318
91,27,45,77,0,0,3.168,45,NA,NA,NA,NA,NA,50,-0.7475036101113799,-273
91,28,0,75,-75,1,2.834,75,77,1.5812576367740736,4.382,4.066,232.964639500193,77,1.5812576367740736,-198
91,29,30,96,0,0,13.499,30,NA,NA,NA,NA,NA,77,1.5812576367740736,-168
91,30,35,76,0,0,2.401,35,60,0.11500055540175098,NA,NA,NA,60,0.11500055540175098,-133
92,1,45,77,0,1,3.216,0,50,0.3308719053027633,4.383,0.961,55.0612441120721,50,0.3308719053027633,0
92,2,35,140,0,1,6.15,140,NA,NA,4.383,3.348,191.8262698098,50,0.3308719053027633,140
92,3,45,90,0,1,3.885,90,69,1.2397730427609568,4.382,4.479,256.627796439096,69,1.2397730427609568,230
92,4,0,40,-14,1,1.517,40,NA,NA,4.383,3.223,184.664297370664,69,1.2397730427609568,270
92,5,-55,0,-149,1,5.134,-149,NA,NA,4.382,0.961,55.0612441120721,69,1.2397730427609568,121
92,6,0,75,-48,1,2.835,-48,17,-1.2477458597562043,4.382,1.589,91.0429936462878,17,-1.2477458597562043,73
92,7,0,75,-101,1,3.285,-101,NA,NA,4.383,1.087,62.2805123307205,17,-1.2477458597562043,-28
92,8,45,144,0,0,2.151,45,NA,NA,NA,NA,NA,17,-1.2477458597562043,17
92,9,-35,0,-62,1,5.268,0,60,0.8092409250176019,4.383,5.485,314.267350629257,60,0.8092409250176019,17
92,10,-35,0,-57,1,2.752,-57,NA,NA,4.381,2.972,170.283056712881,60,0.8092409250176019,-40
92,11,30,49,0,0,2.849,30,40,-0.14749711441207536,NA,NA,NA,40,-0.14749711441207536,-10
92,12,-45,0,-87,1,2.083,-87,NA,NA,4.384,0.333,19.0794945778564,40,-0.14749711441207536,-97
92,13,-55,0,-149,1,2.614,-149,NA,NA,4.385,1.966,112.64350252272,40,-0.14749711441207536,-246
92,14,-35,0,-112,1,2.118,-112,0,-2.06097319327143,4.385,1.589,91.0429936462878,0,-2.06097319327143,-358
92,15,55,107,0,1,3.8,107,NA,NA,4.383,5.108,292.666841752824,0,-2.06097319327143,-251
92,16,35,60,0,1,1.801,60,NA,NA,4.383,3.474,199.045538028448,0,-2.06097319327143,-191
92,17,-45,0,-82,1,2.351,0,38,-0.2431709183550431,4.382,4.102,235.027287562664,38,-0.2431709183550431,-191
92,18,0,40,-26,1,1.933,40,NA,NA,4.383,3.6,206.264806247096,38,-0.2431709183550431,-151
92,19,45,144,0,1,1.685,144,NA,NA,4.382,6.239,357.468368382121,38,-0.2431709183550431,-7
92,20,-45,0,-108,1,3.351,0,39,-0.19533401638355924,4.382,4.982,285.447573534176,39,-0.19533401638355924,-7
92,21,45,79,0,1,2.167,0,NA,NA,4.383,2.972,170.283056712881,39,-0.19533401638355924,-7
92,22,-35,0,-74,1,2.25,0,36,-0.3388447222980108,4.383,4.102,235.027287562664,36,-0.3388447222980108,-7
92,23,0,75,-15,1,1.385,75,NA,NA,4.381,3.348,191.8262698098,36,-0.3388447222980108,68
92,24,-45,0,-79,1,2.335,0,NA,NA,4.382,3.474,199.045538028448,36,-0.3388447222980108,68
92,25,0,55,-42,1,1.301,55,67,1.144099238817989,4.383,4.731,271.066332876392,67,1.144099238817989,123
92,26,55,132,0,1,1.318,132,NA,NA,4.382,3.725,213.426778686232,67,1.144099238817989,255
92,27,55,117,0,1,2.468,117,NA,NA,4.382,5.108,292.666841752824,67,1.144099238817989,372
92,28,-45,0,-74,1,3.601,0,66,1.0962623368465052,4.383,5.359,307.048082410608,66,1.0962623368465052,372
92,29,0,55,-74,1,1.584,55,NA,NA,4.383,5.108,292.666841752824,66,1.0962623368465052,427
92,30,0,55,-55,1,1.885,-55,35,-0.3866816242694947,4.382,3.097,177.445029152016,35,-0.3866816242694947,372
93,1,0,55,-110,1,21,55,74,2.1240896583392397,4.383,4.605,263.847064657744,74,2.1240896583392397,55
93,2,30,56,0,1,3.2,0,NA,NA,4.382,3.097,177.445029152016,74,2.1240896583392397,55
93,3,55,107,0,1,2.335,0,51,-0.14819230174459813,4.382,3.097,177.445029152016,51,-0.14819230174459813,55
93,4,-30,0,-81,1,5.001,-81,NA,NA,4.383,1.087,62.2805123307205,51,-0.14819230174459813,-26
93,5,-35,0,-84,1,3.235,-84,NA,NA,4.382,2.218,127.082038960017,51,-0.14819230174459813,-110
93,6,-45,0,-77,1,3.917,-77,36,-1.6301153191905793,4.383,0.081,4.64095814055967,36,-1.6301153191905793,-187
93,7,0,75,-101,1,3.917,75,NA,NA,4.383,5.862,335.867859505689,36,-1.6301153191905793,-112
93,8,55,176,0,1,4.585,0,NA,NA,4.383,2.972,170.283056712881,36,-1.6301153191905793,-112
93,9,55,124,0,1,3.217,124,62,0.9385512443824547,4.383,6.113,350.249100163472,62,0.9385512443824547,12
93,10,0,75,-101,1,6.584,-101,NA,NA,4.382,0.584,33.4607352356401,62,0.9385512443824547,-89
93,11,55,149,0,0,4.25,55,54,0.14819230174459813,NA,NA,NA,54,0.14819230174459813,-34
93,12,0,55,-74,0,4.849,0,NA,NA,NA,NA,NA,54,0.14819230174459813,-34
93,13,0,40,-40,0,0.319,0,NA,NA,NA,NA,NA,54,0.14819230174459813,-34
93,14,55,103,0,0,6.817,55,50,-0.2469871695743302,NA,NA,NA,50,-0.2469871695743302,21
93,15,-30,0,-58,1,3.701,0,NA,NA,4.382,4.731,271.066332876392,50,-0.2469871695743302,21
93,16,-45,0,-85,1,3.317,-85,NA,NA,4.383,1.464,83.8810212071525,50,-0.2469871695743302,-64
93,17,-55,0,-107,0,5.002,-55,50,-0.2469871695743302,NA,NA,NA,50,-0.2469871695743302,-119
93,18,-45,0,-144,0,3.718,-45,NA,NA,NA,NA,NA,50,-0.2469871695743302,-164
93,19,55,103,0,1,3.3,103,NA,NA,4.384,5.736,328.64859128704,50,-0.2469871695743302,-61
93,20,35,70,0,1,2.916,0,50,-0.2469871695743302,4.383,3.097,177.445029152016,50,-0.2469871695743302,-61
93,21,-45,0,-82,0,6,-45,NA,NA,NA,NA,NA,50,-0.2469871695743302,-106
93,22,55,103,0,1,3.2,0,50,-0.2469871695743302,4.383,2.218,127.082038960017,50,-0.2469871695743302,-106
93,23,35,95,0,1,4.301,0,NA,NA,4.382,0.458,26.2414670169917,50,-0.2469871695743302,-106
93,24,35,62,0,1,3.049,62,NA,NA,4.383,6.113,350.249100163472,50,-0.2469871695743302,-44
93,25,-45,0,-74,1,3.901,-74,40,-1.234935847871651,4.383,1.715,98.2622618649362,40,-1.234935847871651,-118
93,26,-45,0,-93,0,4.151,-45,NA,NA,NA,NA,NA,40,-1.234935847871651,-163
93,27,0,55,-19,0,4.549,0,NA,NA,NA,NA,NA,40,-1.234935847871651,-163
93,28,0,75,-48,1,9.8,75,63,1.037346112212187,4.384,6.239,357.468368382121,63,1.037346112212187,-88
93,29,0,40,-54,1,1.884,-54,NA,NA,4.383,0.961,55.0612441120721,63,1.037346112212187,-142
93,30,-30,0,-64,1,1.934,0,50,-0.2469871695743302,4.383,3.474,199.045538028448,50,-0.2469871695743302,-142
94,1,-35,0,-72,0,29.85,-35,67,0.8180545486645487,NA,NA,NA,67,0.8180545486645487,-35
94,2,-30,0,-51,0,8.318,-30,NA,NA,NA,NA,NA,67,0.8180545486645487,-65
94,3,-30,0,-68,0,5.434,-30,30,-0.9800455484001027,NA,NA,NA,30,-0.9800455484001027,-95
94,4,30,58,0,1,12.384,0,NA,NA,4.382,2.683,153.7245764336,30,-0.9800455484001027,-95
94,5,0,75,-58,1,10.95,-58,NA,NA,4.382,1.678,96.1423180229521,30,-0.9800455484001027,-153
94,6,0,75,-38,1,10.751,-38,14,-1.757602347130763,4.383,1.301,74.5418091465201,14,-1.757602347130763,-191
94,7,55,220,0,0,5.549,55,NA,NA,NA,NA,NA,14,-1.757602347130763,-136
94,8,55,90,0,1,7.335,0,NA,NA,4.381,0.547,31.340791393656,14,-1.757602347130763,-136
94,9,-35,0,-60,0,5.9,-35,32,-0.8828509485587702,NA,NA,NA,32,-0.8828509485587702,-171
94,10,-55,0,-97,1,10.065,-97,NA,NA,4.383,1.427,81.7610773651685,32,-0.8828509485587702,-268
94,11,30,81,0,1,9.321,0,35,-0.7370590487967714,4.38,2.809,160.943844652248,35,-0.7370590487967714,-268
94,12,-30,0,-64,0,4.733,-30,NA,NA,NA,NA,NA,35,-0.7370590487967714,-298
94,13,-35,0,-79,0,2.302,-35,NA,NA,NA,NA,NA,35,-0.7370590487967714,-333
94,14,0,40,-31,0,4.834,0,62,0.5750680490612174,NA,NA,NA,62,0.5750680490612174,-333
94,15,55,132,0,0,2.7,55,NA,NA,NA,NA,NA,62,0.5750680490612174,-278
94,16,-55,0,-117,0,3.084,-55,NA,NA,NA,NA,NA,62,0.5750680490612174,-333
94,17,0,40,-44,1,5.351,-44,27,-1.1258374481621014,4.384,1.427,81.7610773651685,27,-1.1258374481621014,-377
94,18,30,65,0,0,3.551,30,NA,NA,NA,NA,NA,27,-1.1258374481621014,-347
94,19,0,40,-8,0,1.852,0,NA,NA,NA,NA,NA,27,-1.1258374481621014,-347
94,20,35,62,0,0,2.652,35,67,0.8180545486645487,NA,NA,NA,67,0.8180545486645487,-312
94,21,0,55,-61,0,3.767,0,NA,NA,NA,NA,NA,67,0.8180545486645487,-312
94,22,-30,0,-64,0,2.632,-30,67,0.8180545486645487,NA,NA,NA,67,0.8180545486645487,-342
94,23,45,79,0,0,1.851,45,NA,NA,NA,NA,NA,67,0.8180545486645487,-297
94,24,30,60,0,0,1.382,30,NA,NA,NA,NA,NA,67,0.8180545486645487,-267
94,25,0,75,-48,0,2.034,0,69,0.9152491485058812,NA,NA,NA,69,0.9152491485058812,-267
94,26,0,55,-42,0,2.435,0,NA,NA,NA,NA,NA,69,0.9152491485058812,-267
94,27,-45,0,-122,0,2.266,-45,NA,NA,NA,NA,NA,69,0.9152491485058812,-312
94,28,35,74,0,0,1.234,35,66,0.7694572487438825,NA,NA,NA,66,0.7694572487438825,-277
94,29,-35,0,-74,0,2.302,-35,NA,NA,NA,NA,NA,66,0.7694572487438825,-312
94,30,55,103,0,0,1.286,55,66,0.7694572487438825,NA,NA,NA,66,0.7694572487438825,-257
95,1,55,94,0,1,7.667,0,56,0.4704316252834478,4.383,0.798,45.7220320514397,56,0.4704316252834478,0
95,2,-30,0,-120,1,3.967,-120,NA,NA,4.384,1.804,103.361586241601,56,0.4704316252834478,-120
95,3,30,58,0,0,5.883,30,34,-0.6095157579759451,NA,NA,NA,34,-0.6095157579759451,-90
95,4,30,55,0,1,9.916,0,NA,NA,4.383,1.552,88.9230498043038,34,-0.6095157579759451,-90
95,5,0,75,-26,0,13.05,0,NA,NA,NA,NA,NA,34,-0.6095157579759451,-90
95,6,-45,0,-108,0,6.217,-45,66,0.9613167994922627,NA,NA,NA,66,0.9613167994922627,-135
95,7,-30,0,-58,1,3.85,0,NA,NA,4.383,4.443,254.565148376625,66,0.9613167994922627,-135
95,8,-30,0,-62,1,3.732,0,NA,NA,4.383,5.197,297.766166129489,66,0.9613167994922627,-135
95,9,45,77,0,1,6.25,77,89,2.090352700172537,4.384,3.437,196.925594186464,89,2.090352700172537,-58
95,10,-30,0,-81,1,6.117,-81,NA,NA,4.383,1.804,103.361586241601,89,2.090352700172537,-139
95,11,-55,0,-120,0,3.799,-55,17,-1.4440205541309306,NA,NA,NA,17,-1.4440205541309306,-194
95,12,0,40,-26,1,4.499,40,NA,NA,4.384,4.568,261.72712081576,17,-1.4440205541309306,-154
95,13,0,55,-28,1,3.218,-28,NA,NA,4.383,2.218,127.082038960017,17,-1.4440205541309306,-182
95,14,-55,0,-103,0,3.266,-55,33,-0.6586042753968266,NA,NA,NA,33,-0.6586042753968266,-237
95,15,55,117,0,1,2.165,0,NA,NA,4.384,1.427,81.7610773651685,33,-0.6586042753968266,-237
95,16,0,40,-26,1,1.733,-26,NA,NA,4.383,1.301,74.5418091465201,33,-0.6586042753968266,-263
95,17,0,40,-36,1,3.416,40,35,-0.5604272405550637,4.384,3.6,206.264806247096,35,-0.5604272405550637,-223
95,18,55,117,0,1,4.834,117,NA,NA,4.382,4.731,271.066332876392,35,-0.5604272405550637,-106
95,19,0,40,-8,1,3.95,40,NA,NA,4.383,4.317,247.345880157976,35,-0.5604272405550637,-66
95,20,35,70,0,1,1.534,0,51,0.22498903817904028,4.384,2.935,168.163112870897,51,0.22498903817904028,-66
95,21,45,98,0,1,1.717,0,NA,NA,4.383,1.804,103.361586241601,51,0.22498903817904028,-66
95,22,-30,0,-51,0,2.716,-30,38,-0.4131616882924191,NA,NA,NA,38,-0.4131616882924191,-96
95,23,-45,0,-79,1,4.233,0,NA,NA,4.383,4.317,247.345880157976,38,-0.4131616882924191,-96
95,24,0,40,-40,1,5.117,-40,NA,NA,4.383,2.683,153.7245764336,38,-0.4131616882924191,-136
95,25,55,97,0,1,1.45,97,69,1.1085823517549072,4.383,3.563,204.144862405112,69,1.1085823517549072,-39
95,26,0,75,-83,0,3.152,0,NA,NA,NA,NA,NA,69,1.1085823517549072,-39
95,27,-35,0,-66,0,3.885,-35,NA,NA,NA,NA,NA,69,1.1085823517549072,-74
95,28,45,93,0,1,1.734,0,40,-0.3149846534506561,4.383,0.17,9.740282517224,40,-0.3149846534506561,-74
95,29,-55,0,-132,0,3.083,-55,NA,NA,NA,NA,NA,40,-0.3149846534506561,-129
95,30,35,68,0,1,2.951,0,29,-0.8549583450803526,4.383,0.673,38.5600596123044,29,-0.8549583450803526,-129
96,1,0,75,-58,0,15.952,0,64,-0.15093449668673276,NA,NA,NA,64,-0.15093449668673276,0
96,2,-55,0,-117,1,7.217,-117,NA,NA,4.384,0.71,40.6800034542884,64,-0.15093449668673276,-117
96,3,-45,0,-122,1,9.467,0,78,0.3665552062392087,4.383,3.851,220.64604690488,78,0.3665552062392087,-117
96,4,-35,0,-74,1,3.484,0,NA,NA,4.383,5.108,292.666841752824,78,0.3665552062392087,-117
96,5,-35,0,-60,0,4.417,-35,NA,NA,NA,NA,NA,78,0.3665552062392087,-152
96,6,-45,0,-74,1,1.834,-74,31,-1.3707316535835947,4.382,2.972,170.283056712881,31,-1.3707316535835947,-226
96,7,0,75,-75,1,1.2,75,NA,NA,4.384,3.223,184.664297370664,31,-1.3707316535835947,-151
96,8,45,180,0,1,1.318,180,NA,NA,4.383,6.113,350.249100163472,31,-1.3707316535835947,29
96,9,-55,0,-90,1,5.533,-90,65,-0.11397094647773692,4.384,0.835,47.8419758934237,65,-0.11397094647773692,-61
96,10,0,75,-48,1,1.784,-48,NA,NA,4.383,1.715,98.2622618649362,65,-0.11397094647773692,-109
96,11,-30,0,-58,1,1.334,-58,27,-1.518585854419578,4.383,2.469,141.4632796178,27,-1.518585854419578,-167
96,12,0,40,-44,0,4.416,0,NA,NA,NA,NA,NA,27,-1.518585854419578,-167
96,13,30,56,0,1,1.501,0,NA,NA,4.383,1.966,112.64350252272,27,-1.518585854419578,-167
96,14,0,55,-28,1,1.35,-28,33,-1.2968045531656032,4.383,0.584,33.4607352356401,33,-1.2968045531656032,-195
96,15,35,68,0,1,1.032,68,NA,NA,4.383,3.977,227.865315123528,33,-1.2968045531656032,-127
96,16,55,110,0,0,1.417,55,NA,NA,NA,NA,NA,33,-1.2968045531656032,-72
96,17,35,68,0,0,2.366,35,61,-0.2618251473137202,NA,NA,NA,61,-0.2618251473137202,-37
96,18,-55,0,-220,1,1.665,0,NA,NA,4.384,3.977,227.865315123528,61,-0.2618251473137202,-37
96,19,0,55,-28,1,1.868,55,NA,NA,4.383,5.233,299.82881419196,61,-0.2618251473137202,18
96,20,45,108,0,0,1.285,45,91,0.8470813589561543,NA,NA,NA,91,0.8470813589561543,63
96,21,30,56,0,1,3.417,0,NA,NA,4.383,0.961,55.0612441120721,91,0.8470813589561543,63
96,22,55,94,0,0,1.35,55,67,-0.04004384605974529,NA,NA,NA,67,-0.04004384605974529,118
96,23,35,76,0,0,2.45,35,NA,NA,NA,NA,NA,67,-0.04004384605974529,153
96,24,0,55,-110,0,2.817,0,NA,NA,NA,NA,NA,67,-0.04004384605974529,153
96,25,-45,0,-90,1,5.385,0,100,1.1797533108371168,4.383,5.987,343.029831944824,100,1.1797533108371168,153
96,26,-55,0,-124,1,2.617,0,NA,NA,4.383,3.223,184.664297370664,100,1.1797533108371168,153
96,27,35,140,0,0,1.717,35,NA,NA,NA,NA,NA,100,1.1797533108371168,188
96,28,35,70,0,0,2.034,35,100,1.1797533108371168,NA,NA,NA,100,1.1797533108371168,223
96,29,-45,0,-85,1,3.435,-85,NA,NA,4.382,2.72,155.844520275584,100,1.1797533108371168,138
96,30,0,75,-150,1,3.566,75,100,1.1797533108371168,4.383,4.731,271.066332876392,100,1.1797533108371168,213
97,1,-55,0,-120,1,7.383,0,67,-0.3668428477367521,4.383,3.6,206.264806247096,67,-0.3668428477367521,0
97,2,-55,0,-113,1,9.632,0,NA,NA,4.384,3.474,199.045538028448,67,-0.3668428477367521,0
97,3,-30,0,-72,1,9.182,0,65,-0.830223286983177,4.383,5.736,328.64859128704,65,-0.830223286983177,0
97,4,35,68,0,0,4.299,35,NA,NA,NA,NA,NA,65,-0.830223286983177,35
97,5,0,75,-83,0,7.583,0,NA,NA,NA,NA,NA,65,-0.830223286983177,35
97,6,-55,0,-149,1,6.35,-149,60,-1.9886743850992397,4.382,2.595,148.682547836449,60,-1.9886743850992397,-114
97,7,-30,0,-96,1,5.5,0,NA,NA,4.382,4.102,235.027287562664,60,-1.9886743850992397,-114
97,8,35,112,0,0,1.1,35,NA,NA,NA,NA,NA,60,-1.9886743850992397,-79
97,9,30,62,0,1,1.5,62,66,-0.5985330673599646,4.383,6.239,357.468368382121,66,-0.5985330673599646,-17
97,10,35,60,0,0,2.517,35,NA,NA,NA,NA,NA,66,-0.5985330673599646,18
97,11,0,55,-35,1,6.185,-35,66,-0.5985330673599646,4.382,0.081,4.64095814055967,66,-0.5985330673599646,-17
97,12,0,40,-80,1,7.802,40,NA,NA,4.382,3.725,213.426778686232,66,-0.5985330673599646,23
97,13,0,75,-58,0,3.868,0,NA,NA,NA,NA,NA,66,-0.5985330673599646,23
97,14,0,75,-48,0,4.886,0,70,0.3282278111328855,NA,NA,NA,70,0.3282278111328855,23
97,15,45,108,0,1,4.499,108,NA,NA,4.384,3.563,204.144862405112,70,0.3282278111328855,131
97,16,-55,0,-107,0,5.022,-55,NA,NA,NA,NA,NA,70,0.3282278111328855,76
97,17,-45,0,-93,0,5.799,-45,74,1.2549886896257356,NA,NA,NA,74,1.2549886896257356,31
97,18,0,40,-14,1,3.498,40,NA,NA,4.382,4.066,232.964639500193,74,1.2549886896257356,71
97,19,-55,0,-94,0,5.066,-55,NA,NA,NA,NA,NA,74,1.2549886896257356,16
97,20,30,51,0,1,3.733,51,71,0.559918030756098,4.385,4.354,249.46582399996,71,0.559918030756098,67
97,21,55,100,0,1,2.569,100,NA,NA,4.381,3.474,199.045538028448,71,0.559918030756098,167
97,22,0,75,-48,0,2.617,0,75,1.486678909248948,NA,NA,NA,75,1.486678909248948,167
97,23,55,117,0,1,2.201,0,NA,NA,4.382,0.584,33.4607352356401,75,1.486678909248948,167
97,24,-45,0,-180,0,3.152,-45,NA,NA,NA,NA,NA,75,1.486678909248948,122
97,25,30,81,0,0,4.283,30,72,0.7916082503793105,NA,NA,NA,72,0.7916082503793105,152
97,26,35,74,0,1,2.553,0,NA,NA,4.381,1.715,98.2622618649362,72,0.7916082503793105,152
97,27,0,55,-35,1,4.95,55,NA,NA,4.418,3.474,199.045538028448,72,0.7916082503793105,207
97,28,35,140,0,1,3.55,0,71,0.559918030756098,4.383,3.097,177.445029152016,71,0.559918030756098,207
97,29,-35,0,-84,0,7.767,-35,NA,NA,NA,NA,NA,71,0.559918030756098,172
97,30,-35,0,-64,0,2.534,-35,66,-0.5985330673599646,NA,NA,NA,66,-0.5985330673599646,137
98,1,-45,0,-102,1,3.634,-102,42,-0.7020495372797102,4.383,1.841,105.481530083585,42,-0.7020495372797102,-102
98,2,-45,0,-102,1,6.801,-102,NA,NA,4.382,2.809,160.943844652248,42,-0.7020495372797102,-204
98,3,-30,0,-81,0,2.866,-30,28,-2.233793982253624,NA,NA,NA,28,-2.233793982253624,-234
98,4,0,40,-36,1,2.499,40,NA,NA,4.384,5.485,314.267350629257,28,-2.233793982253624,-194
98,5,35,95,0,1,2.019,95,NA,NA,4.381,3.474,199.045538028448,28,-2.233793982253624,-99
98,6,0,40,-20,1,1.733,-20,45,-0.3738185847853001,4.384,0.961,55.0612441120721,45,-0.3738185847853001,-119
98,7,55,110,0,1,1.101,110,NA,NA,4.383,4.354,249.46582399996,45,-0.3738185847853001,-9
98,8,0,75,-83,0,2.083,0,NA,NA,NA,NA,NA,45,-0.3738185847853001,-9
98,9,-30,0,-96,0,1.9,-30,44,-0.48322890228343685,NA,NA,NA,44,-0.48322890228343685,-39
98,10,-30,0,-49,1,1.067,-49,NA,NA,4.383,2.218,127.082038960017,44,-0.48322890228343685,-88
98,11,0,75,-15,1,2.517,75,57,0.9391052251923403,4.383,3.851,220.64604690488,57,0.9391052251923403,-13
98,12,30,55,0,1,1.084,0,NA,NA,4.384,0.458,26.2414670169917,57,0.9391052251923403,-13
98,13,-45,0,-93,1,1.934,-93,NA,NA,4.384,0.044,2.52101429857562,57,0.9391052251923403,-106
98,14,45,74,0,0,4.6,45,63,1.5955671301811605,NA,NA,NA,63,1.5955671301811605,-61
98,15,-30,0,-60,1,2.483,-60,NA,NA,4.384,2.809,160.943844652248,63,1.5955671301811605,-121
98,16,55,97,0,0,1.3,55,NA,NA,NA,NA,NA,63,1.5955671301811605,-66
98,17,-35,0,-72,1,6.367,-72,51,0.28264332020352007,4.383,0.333,19.0794945778564,51,0.28264332020352007,-138
98,18,0,40,-8,1,1.217,40,NA,NA,4.383,5.485,314.267350629257,51,0.28264332020352007,-98
98,19,0,40,-8,1,2,-8,NA,NA,4.384,0.961,55.0612441120721,51,0.28264332020352007,-106
98,20,-45,0,-82,1,1.534,0,44,-0.48322890228343685,4.383,3.223,184.664297370664,44,-0.48322890228343685,-106
98,21,45,74,0,1,1.034,74,NA,NA,4.382,3.6,206.264806247096,44,-0.48322890228343685,-32
98,22,0,75,-75,1,1.133,75,48,-0.04558763229089003,4.383,4.479,256.627796439096,48,-0.04558763229089003,43
98,23,35,70,0,1,0.984,0,NA,NA,4.383,1.966,112.64350252272,48,-0.04558763229089003,43
98,24,35,72,0,1,2.234,72,NA,NA,4.382,4.856,278.228305315528,48,-0.04558763229089003,115
98,25,0,55,-19,1,2.001,-19,50,0.17323300270538336,4.382,0.835,47.8419758934237,50,0.17323300270538336,96
98,26,55,90,0,1,2.067,0,NA,NA,4.382,0.207,11.860226359208,50,0.17323300270538336,96
98,27,35,74,0,1,2.768,74,NA,NA,4.382,5.61,321.429323068392,50,0.17323300270538336,170
98,28,-30,0,-56,1,1.217,0,50,0.17323300270538336,4.383,4.731,271.066332876392,50,0.17323300270538336,170
98,29,-30,0,-55,1,0.933,-55,NA,NA,4.382,2.469,141.4632796178,50,0.17323300270538336,115
98,30,45,79,0,1,1.951,79,59,1.1579258601886135,4.382,6.239,357.468368382121,59,1.1579258601886135,194
99,1,45,102,0,1,5.951,102,76,1.9705882352941178,4.383,4.605,263.847064657744,76,1.9705882352941178,102
99,2,0,40,-8,0,6.417,0,NA,NA,NA,NA,NA,76,1.9705882352941178,102
99,3,35,76,0,1,4.385,0,60,1.0294117647058822,4.382,2.181,124.962095118033,60,1.0294117647058822,102
99,4,-35,0,-76,0,4.684,-35,NA,NA,NA,NA,NA,60,1.0294117647058822,67
99,5,-30,0,-49,1,3.45,-49,NA,NA,4.383,0.835,47.8419758934237,60,1.0294117647058822,18
99,6,-45,0,-85,1,5.3,0,41,-0.08823529411764706,4.385,5.448,312.147406787273,41,-0.08823529411764706,18
99,7,0,75,-67,0,5.516,0,NA,NA,NA,NA,NA,41,-0.08823529411764706,18
99,8,-55,0,-220,1,4.234,0,NA,NA,4.383,5.951,340.967183882353,41,-0.08823529411764706,18
99,9,35,84,0,1,5.166,0,38,-0.2647058823529412,4.384,1.464,83.8810212071525,38,-0.2647058823529412,18
99,10,-35,0,-66,1,4.134,-66,NA,NA,4.384,0.458,26.2414670169917,38,-0.2647058823529412,-48
99,11,0,55,-110,1,4.201,-110,27,-0.9117647058823529,4.383,2.432,139.343335775816,27,-0.9117647058823529,-158
99,12,0,40,-54,1,5.3,40,NA,NA,4.383,4.982,285.447573534176,27,-0.9117647058823529,-118
99,13,45,144,0,1,5.634,0,NA,NA,4.384,1.715,98.2622618649362,27,-0.9117647058823529,-118
99,14,45,180,0,1,2.3,0,50,0.4411764705882353,4.383,2.935,168.163112870897,50,0.4411764705882353,-118
99,15,-45,0,-95,0,3.15,-45,NA,NA,NA,NA,NA,50,0.4411764705882353,-163
99,16,45,77,0,0,3.266,45,NA,NA,NA,NA,NA,50,0.4411764705882353,-118
99,17,0,75,-75,1,5.751,-75,43,0.029411764705882353,4.382,2.972,170.283056712881,43,0.029411764705882353,-193
99,18,45,77,0,0,3.501,45,NA,NA,NA,NA,NA,43,0.029411764705882353,-148
99,19,-55,0,-103,1,4.233,-103,NA,NA,4.383,0.296,16.9595507358724,43,0.029411764705882353,-251
99,20,-55,0,-117,0,3.267,-55,25,-1.0294117647058822,NA,NA,NA,25,-1.0294117647058822,-306
99,21,0,75,-38,1,4.5,-38,NA,NA,4.384,0.333,19.0794945778564,25,-1.0294117647058822,-344
99,22,0,55,-11,1,2.684,-11,23,-1.1470588235294117,4.384,0.798,45.7220320514397,23,-1.1470588235294117,-355
99,23,55,94,0,0,1.451,55,NA,NA,NA,NA,NA,23,-1.1470588235294117,-300
99,24,30,53,0,0,2.019,30,NA,NA,NA,NA,NA,23,-1.1470588235294117,-270
99,25,-45,0,-85,1,4.601,-85,27,-0.9117647058823529,4.382,0.924,52.9413002700881,27,-0.9117647058823529,-355
99,26,55,124,0,0,2.717,55,NA,NA,NA,NA,NA,27,-0.9117647058823529,-300
99,27,0,75,-48,1,3.215,75,NA,NA,4.383,5.61,321.429323068392,27,-0.9117647058823529,-225
99,28,45,87,0,1,3.25,87,64,1.2647058823529411,4.383,4.856,278.228305315528,64,1.2647058823529411,-138
99,29,-45,0,-87,0,4.031,-45,NA,NA,NA,NA,NA,64,1.2647058823529411,-183
99,30,-35,0,-140,1,7.335,-140,36,-0.38235294117647056,4.383,1.464,83.8810212071525,36,-0.38235294117647056,-323
100,1,0,75,-58,1,11.234,75,69,0.6288159283165184,4.383,5.736,328.64859128704,69,0.6288159283165184,75
100,2,0,75,-38,1,8.585,-38,NA,NA,4.382,1.589,91.0429936462878,69,0.6288159283165184,37
100,3,0,40,-20,0,8.365,0,74,1.0624820857761863,NA,NA,NA,74,1.0624820857761863,37
100,4,55,90,0,0,2.518,55,NA,NA,NA,NA,NA,74,1.0624820857761863,92
100,5,-55,0,-110,0,2.518,-55,NA,NA,NA,NA,NA,74,1.0624820857761863,37
100,6,0,55,-61,1,3.152,55,79,1.4961482432358542,4.382,4.856,278.228305315528,79,1.4961482432358542,92
100,7,45,180,0,1,4.284,0,NA,NA,4.382,0.961,55.0612441120721,79,1.4961482432358542,92
100,8,-35,0,-68,0,2.317,-35,NA,NA,NA,NA,NA,79,1.4961482432358542,57
100,9,0,75,-75,0,4.317,0,72,0.8890156227923192,NA,NA,NA,72,0.8890156227923192,57
100,10,30,58,0,0,11.136,30,NA,NA,NA,NA,NA,72,0.8890156227923192,87
100,11,-55,0,-100,1,3.635,-100,46,-1.366048395997954,4.382,0.333,19.0794945778564,46,-1.366048395997954,-13
100,12,30,64,0,1,3.601,0,NA,NA,4.382,0.081,4.64095814055967,46,-1.366048395997954,-13
100,13,30,62,0,1,3.067,62,NA,NA,4.383,5.359,307.048082410608,46,-1.366048395997954,49
100,14,35,95,0,0,2.316,35,72,0.8890156227923192,NA,NA,NA,72,0.8890156227923192,84
100,15,-55,0,-100,0,5.468,-55,NA,NA,NA,NA,NA,72,0.8890156227923192,29
100,16,30,56,0,0,2.886,30,NA,NA,NA,NA,NA,72,0.8890156227923192,59
100,17,30,120,0,1,2.434,0,50,-1.0191154700302196,4.382,0.71,40.6800034542884,50,-1.0191154700302196,59
100,18,35,95,0,0,2.668,35,NA,NA,NA,NA,NA,50,-1.0191154700302196,94
100,19,-55,0,-100,0,1.767,-55,NA,NA,NA,NA,NA,50,-1.0191154700302196,39
100,20,-35,0,-79,0,1.933,-35,64,0.19514977085685056,NA,NA,NA,64,0.19514977085685056,4
100,21,45,85,0,0,1.951,45,NA,NA,NA,NA,NA,64,0.19514977085685056,49
100,22,-45,0,-93,0,1.701,-45,61,-0.06504992361895018,NA,NA,NA,61,-0.06504992361895018,4
100,23,-35,0,-70,0,1.8,-35,NA,NA,NA,NA,NA,61,-0.06504992361895018,-31
100,24,-45,0,-95,0,2.001,-45,NA,NA,NA,NA,NA,61,-0.06504992361895018,-76
100,25,-35,0,-112,0,1.802,-35,48,-1.1925819330140868,NA,NA,NA,48,-1.1925819330140868,-111
100,26,0,55,-11,1,3.95,55,NA,NA,4.449,3.348,191.8262698098,48,-1.1925819330140868,-56
100,27,45,102,0,0,1.966,45,NA,NA,NA,NA,NA,48,-1.1925819330140868,-11
100,28,-45,0,-93,0,2.12,-45,50,-1.0191154700302196,NA,NA,NA,50,-1.0191154700302196,-56
100,29,0,55,-42,0,2.219,0,NA,NA,NA,NA,NA,50,-1.0191154700302196,-56
100,30,0,55,-11,0,1.765,0,56,-0.4987160810786181,NA,NA,NA,56,-0.4987160810786181,-56
